id,city_id,date,time,temp_c,feels_like_c,weather_condition_code,weather_condition_text,weather_condition_icon,wind_speed_kph,wind_speed_mps,wind_dir,pressure_mb,precip_mm,humidity_perc,cloud_perc,uv_index
1,1,2024-12-31,19:00:00,-2.8,-3.9,1147,Freezing fog,//cdn.weatherapi.com/weather/64x64/night/260.png,3.6,1,SW,1030,"0",100,60,"0"
2,1,2024-12-31,15:45:00,6.4,2.8,1183,Light rain,//cdn.weatherapi.com/weather/64x64/day/296.png,20.5,5.694444444444445,W,1007,1.48,93,50,"0"
5,2,2025-01-02,"06:30:00",1.1,-2.1,1000,Clear,//cdn.weatherapi.com/weather/64x64/night/113.png,10.4,2.888888888888889,N,1015,"0",93,"0","0"
6,1,2025-01-02,10:00:00,1.7,"0.6",1000,Sunny,//cdn.weatherapi.com/weather/64x64/day/113.png,4.3,1.1944444444444444,W,1028,"0",68,"0","0.7"
29,1,2025-01-02,20:15:00,"0.2","0.2",1000,Clear,//cdn.weatherapi.com/weather/64x64/night/113.png,3.6,1,SW,1024,"0",76,1,"0"
7,2,2025-01-02,"07:30:00",1.3,-2.4,1000,Clear,//cdn.weatherapi.com/weather/64x64/night/113.png,12.6,3.5,N,1016,"0",93,"0","0"
30,3,2025-01-02,19:15:00,11.1,9.9,1003,Partly cloudy,//cdn.weatherapi.com/weather/64x64/night/116.png,10.4,2.888888888888889,SSE,1023,"0.02",87,75,"0"
4,1,2025-01-01,"08:30:00",-4.8,-6.4,1147,Freezing fog,//cdn.weatherapi.com/weather/64x64/day/260.png,4,1.1111111111111112,WSW,1027,1,93,60,"0"
3,1,2025-01-01,21:00:00,-3.6,-4.8,1147,Freezing fog,//cdn.weatherapi.com/weather/64x64/night/260.png,3.6,1,WSW,1030,2,100,60,"0"
8,1,2025-01-01,"09:30:00",-0.5,-1.7,1000,Sunny,//cdn.weatherapi.com/weather/64x64/day/113.png,4,1.1111111111111112,WSW,1028,8,75,"0","0.3"
9,1,2025-01-02,16:00:00,4,3.6,1000,Sunny,//cdn.weatherapi.com/weather/64x64/day/113.png,3.6,1,W,1023,"0",70,5,"0.2"
10,3,2025-01-02,14:15:00,15.2,15.2,1003,Partly cloudy,//cdn.weatherapi.com/weather/64x64/day/116.png,8.3,2.305555555555556,SSW,1025,"0.01",59,50,"0.9"
11,2,2025-01-02,14:00:00,4,"0.6",1003,Partly cloudy,//cdn.weatherapi.com/weather/64x64/day/116.png,14.4,4,NNW,1019,"0",75,25,"0.3"
12,4,2025-01-02,"09:00:00",2.8,-2.6,1000,Sunny,//cdn.weatherapi.com/weather/64x64/day/113.png,27.7,7.694444444444444,W,1013,"0",50,"0","0.4"
13,1,2025-01-02,16:15:00,4,3.6,1000,Sunny,//cdn.weatherapi.com/weather/64x64/day/113.png,3.6,1,W,1023,"0",70,5,"0.2"
14,3,2025-01-02,15:45:00,14,13.8,1003,Partly cloudy,//cdn.weatherapi.com/weather/64x64/day/116.png,7.6,2.111111111111111,S,1025,"0.03",59,50,"0.3"
15,2,2025-01-02,15:00:00,4.2,1.1,1003,Partly cloudy,//cdn.weatherapi.com/weather/64x64/day/116.png,13,3.611111111111111,NNW,1019,"0",70,25,"0.1"
16,4,2025-01-02,10:00:00,3.3,-1.9,1003,Partly cloudy,//cdn.weatherapi.com/weather/64x64/day/116.png,27.4,7.611111111111111,W,1014,"0",50,25,"0.9"
17,1,2025-01-02,17:45:00,1.5,1.5,1000,Sunny,//cdn.weatherapi.com/weather/64x64/night/113.png,3.6,1,WSW,1024,"0",74,2,"0"
18,3,2025-01-02,16:45:00,14.1,13.7,1003,Partly cloudy,//cdn.weatherapi.com/weather/64x64/night/116.png,9,2.5,S,1024,"0.03",59,50,"0.1"
19,2,2025-01-02,16:00:00,3,-0.1,1003,Partly cloudy,//cdn.weatherapi.com/weather/64x64/night/116.png,11.5,3.194444444444444,NNW,1020,"0",70,25,"0"
20,4,2025-01-02,11:00:00,3.9,-1.3,1003,Partly cloudy,//cdn.weatherapi.com/weather/64x64/day/116.png,28.8,8,W,1014,"0",46,75,1.3
21,1,2025-01-02,19:00:00,-2.9,-4.1,1147,Freezing fog,//cdn.weatherapi.com/weather/64x64/night/260.png,3.6,1,WSW,1022,"0",93,60,"0"
22,3,2025-01-02,18:00:00,13.1,12.3,1003,Partly cloudy,//cdn.weatherapi.com/weather/64x64/night/116.png,10.1,2.8055555555555554,SSE,1024,"0",62,75,"0"
23,2,2025-01-02,16:45:00,2.3,-0.9,1003,Partly cloudy,//cdn.weatherapi.com/weather/64x64/night/116.png,11.5,3.194444444444444,NNW,1021,"0",75,25,"0"
24,4,2025-01-02,12:00:00,5.4,"0.7",1003,Partly cloudy,//cdn.weatherapi.com/weather/64x64/day/116.png,28.8,8,W,1014,"0",42,75,1.4
25,1,2025-01-02,20:00:00,"0.2","0.2",1000,Clear,//cdn.weatherapi.com/weather/64x64/night/113.png,3.6,1,SW,1024,"0",76,1,"0"
26,3,2025-01-02,19:30:00,10,8.6,1003,Partly cloudy,//cdn.weatherapi.com/weather/64x64/night/116.png,10.4,2.888888888888889,SSE,1023,"0.02",87,75,"0"
27,2,2025-01-02,17:15:00,"0.2",-3.2,1000,Clear,//cdn.weatherapi.com/weather/64x64/night/113.png,10.4,2.888888888888889,NW,1021,"0",86,"0","0"
28,4,2025-01-02,13:00:00,5.1,"0.3",1009,Overcast,//cdn.weatherapi.com/weather/64x64/day/122.png,29.2,8.11111111111111,W,1014,"0",41,100,1.2
31,2,2025-01-02,19:00:00,"0.3",-3,1000,Clear,//cdn.weatherapi.com/weather/64x64/night/113.png,10.1,2.8055555555555554,NW,1022,"0",80,"0","0"
32,4,2025-01-02,13:30:00,5.6,"0.9",1009,Overcast,//cdn.weatherapi.com/weather/64x64/day/122.png,29.2,8.11111111111111,W,1013,"0",37,100,1.2
33,1,2025-01-02,22:00:00,-0.4,-1,1000,Clear,//cdn.weatherapi.com/weather/64x64/night/113.png,3.6,1,W,1024,"0",79,"0","0"
34,3,2025-01-02,21:00:00,11.1,9.6,1003,Partly cloudy,//cdn.weatherapi.com/weather/64x64/night/116.png,12.6,3.5,SSE,1023,"0.01",87,50,"0"
35,2,2025-01-02,20:00:00,"0.4",-2.7,1000,Clear,//cdn.weatherapi.com/weather/64x64/night/113.png,9.4,2.611111111111111,NW,1022,"0",74,"0","0"
36,4,2025-01-02,14:15:00,5.6,"0.9",1009,Overcast,//cdn.weatherapi.com/weather/64x64/day/122.png,29.2,8.11111111111111,W,1013,"0",36,100,"0.8"
37,1,2025-01-02,23:00:00,-3.6,-4.8,1147,Freezing fog,//cdn.weatherapi.com/weather/64x64/night/260.png,3.6,1,SW,1021,"0",93,60,"0"
38,3,2025-01-02,21:45:00,10.3,8.6,1003,Partly cloudy,//cdn.weatherapi.com/weather/64x64/night/116.png,12.6,3.5,SSE,1023,"0.01",87,50,"0"
39,2,2025-01-02,21:00:00,-0.8,-4,1000,Clear,//cdn.weatherapi.com/weather/64x64/night/113.png,9,2.5,NW,1023,"0",80,"0","0"
40,4,2025-01-02,15:30:00,5.3,"0.6",1009,Overcast,//cdn.weatherapi.com/weather/64x64/day/122.png,28.4,7.888888888888888,W,1013,"0",36,100,"0.4"
41,1,2025-01-02,23:15:00,-0.5,-1.4,1000,Clear,//cdn.weatherapi.com/weather/64x64/night/113.png,3.6,1,SW,1024,"0",80,"0","0"
42,3,2025-01-02,23:00:00,11.3,9.5,1003,Partly cloudy,//cdn.weatherapi.com/weather/64x64/night/116.png,14.8,4.111111111111112,SSE,1022,"0.06",87,50,"0"
43,2,2025-01-02,22:00:00,-1,-4,1000,Clear,//cdn.weatherapi.com/weather/64x64/night/113.png,8.3,2.305555555555556,WNW,1023,"0",86,"0","0"
44,4,2025-01-02,16:30:00,4.4,-0.6,1009,Overcast,//cdn.weatherapi.com/weather/64x64/day/122.png,28.8,8,W,1014,"0",37,100,"0"
45,1,2025-01-03,"01:30:00",-0.9,-1.7,1000,Clear,//cdn.weatherapi.com/weather/64x64/night/113.png,3.6,1,WSW,1023,"0",82,"0","0"
46,3,2025-01-03,"00:00:00",11.3,9.4,1003,Partly cloudy,//cdn.weatherapi.com/weather/64x64/night/116.png,15.8,4.388888888888889,S,1022,"0.48",87,50,"0"
47,2,2025-01-02,23:00:00,-1.8,-4.8,1000,Clear,//cdn.weatherapi.com/weather/64x64/night/113.png,7.9,2.1944444444444446,WNW,1023,"0",86,"0","0"
48,4,2025-01-02,17:30:00,3.3,-2.1,1003,Partly cloudy,//cdn.weatherapi.com/weather/64x64/night/116.png,29.5,8.194444444444445,W,1015,"0",40,25,"0"
49,1,2025-01-03,"02:00:00",-1,-1,1000,Clear,//cdn.weatherapi.com/weather/64x64/night/113.png,3.6,1,WSW,1022,"0",80,"0","0"
50,3,2025-01-03,"01:00:00",12.1,10.4,1003,Partly cloudy,//cdn.weatherapi.com/weather/64x64/night/116.png,16.2,4.5,S,1021,"0.37",82,50,"0"
51,2,2025-01-02,23:15:00,-1.6,-4.6,1000,Clear,//cdn.weatherapi.com/weather/64x64/night/113.png,7.9,2.1944444444444446,WNW,1024,"0",86,"0","0"
52,4,2025-01-02,18:30:00,2.8,-2.6,1003,Partly cloudy,//cdn.weatherapi.com/weather/64x64/night/116.png,27.4,7.611111111111111,W,1015,"0",42,25,"0"
53,1,2025-01-03,"02:15:00",-1,-1,1000,Clear,//cdn.weatherapi.com/weather/64x64/night/113.png,3.6,1,WSW,1022,"0",80,"0","0"
54,3,2025-01-03,"01:15:00",12.3,10.6,1003,Partly cloudy,//cdn.weatherapi.com/weather/64x64/night/116.png,16.2,4.5,S,1021,"0.37",82,50,"0"
55,2,2025-01-03,"01:00:00",-1.7,-4.6,1000,Clear,//cdn.weatherapi.com/weather/64x64/night/113.png,7.6,2.111111111111111,WNW,1024,"0",86,"0","0"
56,4,2025-01-02,20:45:00,1,-4.5,1000,Clear,//cdn.weatherapi.com/weather/64x64/night/113.png,27,7.5,W,1015,"0",74,2,"0"
57,1,2025-01-03,"04:00:00",-1.2,-2.2,1000,Clear,//cdn.weatherapi.com/weather/64x64/night/113.png,3.6,1,W,1022,"0",81,12,"0"
58,3,2025-01-03,"03:00:00",11.1,9.2,1003,Partly cloudy,//cdn.weatherapi.com/weather/64x64/night/116.png,15.8,4.388888888888889,SSW,1020,"0.64",87,50,"0"
59,2,2025-01-03,"02:00:00",-2.7,-5.9,1000,Clear,//cdn.weatherapi.com/weather/64x64/night/113.png,7.9,2.1944444444444446,W,1024,"0",93,"0","0"
60,4,2025-01-02,20:30:00,2.2,-3.3,1003,Partly cloudy,//cdn.weatherapi.com/weather/64x64/night/116.png,27,7.5,W,1015,"0",46,25,"0"
61,1,2025-01-03,"05:00:00",-1.3,-2,1000,Clear,//cdn.weatherapi.com/weather/64x64/night/113.png,3.6,1,WSW,1021,"0",81,"0","0"
62,3,2025-01-03,"04:00:00",12.1,10.3,1003,Partly cloudy,//cdn.weatherapi.com/weather/64x64/night/116.png,16.9,4.694444444444444,SSW,1019,"0.4",88,50,"0"
63,2,2025-01-03,"03:00:00",-1.9,-5.3,1000,Clear,//cdn.weatherapi.com/weather/64x64/night/113.png,9,2.5,W,1024,"0",86,"0","0"
64,4,2025-01-02,22:00:00,1.7,-3.7,1000,Clear,//cdn.weatherapi.com/weather/64x64/night/113.png,24.8,6.888888888888889,WNW,1015,"0",45,"0","0"
65,1,2025-01-03,"06:00:00",-1.3,-2.3,1000,Clear,//cdn.weatherapi.com/weather/64x64/night/113.png,3.6,1,W,1021,"0",81,2,"0"
66,3,2025-01-03,"04:15:00",13.3,11.8,1003,Partly cloudy,//cdn.weatherapi.com/weather/64x64/night/116.png,16.9,4.694444444444444,SSW,1019,"0.4",82,50,"0"
67,2,2025-01-03,"04:00:00",-2.9,-6.7,1000,Clear,//cdn.weatherapi.com/weather/64x64/night/113.png,9.7,2.694444444444444,WNW,1023,"0",93,"0","0"
68,4,2025-01-02,23:00:00,1.1,-4.2,1003,Partly cloudy,//cdn.weatherapi.com/weather/64x64/night/116.png,22.3,6.194444444444445,W,1015,"0",47,50,"0"
69,1,2025-01-03,"07:00:00",-1.4,-2.2,1000,Clear,//cdn.weatherapi.com/weather/64x64/night/113.png,3.6,1,W,1021,"0",82,3,"0"
70,3,2025-01-03,"06:00:00",13.1,11.7,1003,Partly cloudy,//cdn.weatherapi.com/weather/64x64/night/116.png,15.1,4.194444444444445,SSW,1018,"0.24",82,50,"0"
71,2,2025-01-03,"05:00:00",-2.6,-6.6,1000,Clear,//cdn.weatherapi.com/weather/64x64/night/113.png,10.8,3,WNW,1023,"0",93,"0","0"
72,4,2025-01-03,"00:00:00",1.1,-4.7,1003,Partly cloudy,//cdn.weatherapi.com/weather/64x64/night/116.png,26.6,7.388888888888889,W,1015,"0",47,50,"0"
73,1,2025-01-03,"07:15:00",-1.4,-2.4,1000,Clear,//cdn.weatherapi.com/weather/64x64/night/113.png,3.6,1,W,1021,"0",82,3,"0"
74,3,2025-01-03,"07:00:00",13.4,11.8,1003,Partly cloudy,//cdn.weatherapi.com/weather/64x64/night/116.png,18,5,SSW,1018,"0.12",77,75,"0"
75,2,2025-01-03,"05:15:00",-2.8,-7.2,1000,Clear,//cdn.weatherapi.com/weather/64x64/night/113.png,11.9,3.3055555555555554,W,1023,"0",93,"0","0"
76,4,2025-01-03,"01:00:00",1.1,-4.6,1003,Partly cloudy,//cdn.weatherapi.com/weather/64x64/night/116.png,26.3,7.305555555555555,W,1015,"0",47,75,"0"
77,1,2025-01-03,"08:15:00",-1.5,-2.5,1000,Sunny,//cdn.weatherapi.com/weather/64x64/day/113.png,3.6,1,WSW,1021,"0",82,5,"0"
78,3,2025-01-03,"08:00:00",13.1,11.4,1003,Partly cloudy,//cdn.weatherapi.com/weather/64x64/day/116.png,18.7,5.194444444444444,SSW,1017,"0.11",77,75,"0"
79,2,2025-01-03,"07:00:00",-1.7,-5.8,1000,Clear,//cdn.weatherapi.com/weather/64x64/night/113.png,11.9,3.3055555555555554,WNW,1023,"0",93,"0","0"
80,4,2025-01-03,"02:00:00","0.6",-5.3,1003,Partly cloudy,//cdn.weatherapi.com/weather/64x64/night/116.png,26.3,7.305555555555555,W,1015,"0",51,25,"0"
81,1,2025-01-03,10:00:00,1.2,"0.1",1000,Sunny,//cdn.weatherapi.com/weather/64x64/day/113.png,4.3,1.1944444444444444,WSW,1020,"0",74,6,"0.5"
82,3,2025-01-03,"09:00:00",14.3,12.8,1003,Partly cloudy,//cdn.weatherapi.com/weather/64x64/day/116.png,20.2,5.611111111111111,SW,1016,"0.15",72,50,"0.3"
83,2,2025-01-03,"08:30:00",-1.8,-5.7,1000,Sunny,//cdn.weatherapi.com/weather/64x64/day/113.png,10.8,3,W,1023,"0",93,"0","0"
84,4,2025-01-03,"03:00:00","0.6",-5.3,1003,Partly cloudy,//cdn.weatherapi.com/weather/64x64/night/116.png,26.3,7.305555555555555,W,1015,"0",47,50,"0"
85,1,2025-01-03,10:30:00,1.2,"0.1",1000,Sunny,//cdn.weatherapi.com/weather/64x64/day/113.png,4.3,1.1944444444444444,WSW,1020,"0",74,6,"0.5"
86,3,2025-01-03,"09:30:00",14.2,12.7,1003,Partly cloudy,//cdn.weatherapi.com/weather/64x64/day/116.png,20.2,5.611111111111111,SW,1017,"0.15",72,50,"0.3"
87,2,2025-01-03,"09:00:00",-2,-6,1000,Sunny,//cdn.weatherapi.com/weather/64x64/day/113.png,11.2,3.1111111111111107,W,1024,"0",93,"0","0.1"
88,4,2025-01-03,"04:00:00","0.6",-5.3,1009,Overcast,//cdn.weatherapi.com/weather/64x64/night/122.png,26.3,7.305555555555555,W,1015,"0",53,100,"0"
89,1,2025-01-03,12:00:00,6,4.6,1000,Sunny,//cdn.weatherapi.com/weather/64x64/day/113.png,7.2,2,WSW,1018,"0",62,5,1.3
90,3,2025-01-03,10:30:00,15.1,15.1,1003,Partly cloudy,//cdn.weatherapi.com/weather/64x64/day/116.png,22.3,6.194444444444445,SW,1017,"0.07",67,50,"0.7"
91,2,2025-01-03,10:00:00,"0.3",-3.4,1000,Sunny,//cdn.weatherapi.com/weather/64x64/day/113.png,11.9,3.3055555555555554,W,1024,"0",86,"0","0.3"
92,4,2025-01-03,"05:00:00","0.2",-5.7,1009,Overcast,//cdn.weatherapi.com/weather/64x64/night/122.png,25.2,7,W,1015,"0",59,100,"0"
93,1,2025-01-03,13:00:00,7,5.1,1000,Sunny,//cdn.weatherapi.com/weather/64x64/day/113.png,9.7,2.694444444444444,WSW,1017,"0",60,6,1.3
94,3,2025-01-03,12:00:00,14.3,12.5,1003,Partly cloudy,//cdn.weatherapi.com/weather/64x64/day/116.png,24.1,6.694444444444445,SW,1017,"0.09",77,50,"0.6"
95,2,2025-01-03,11:00:00,1.3,-2.4,1003,Partly cloudy,//cdn.weatherapi.com/weather/64x64/day/116.png,13,3.611111111111111,W,1024,"0",80,25,"0.5"
96,4,2025-01-03,"06:00:00","0.3",-5.4,1009,Overcast,//cdn.weatherapi.com/weather/64x64/night/122.png,24.1,6.694444444444445,W,1015,"0",59,100,"0"
97,1,2025-01-03,14:00:00,7.4,5.1,1000,Sunny,//cdn.weatherapi.com/weather/64x64/day/113.png,12.6,3.5,WSW,1016,"0",64,17,1
98,3,2025-01-03,13:00:00,15.2,15.2,1003,Partly cloudy,//cdn.weatherapi.com/weather/64x64/day/116.png,24.8,6.888888888888889,SW,1016,"0.22",72,75,"0.4"
99,2,2025-01-03,12:00:00,3.3,-0.1,1003,Partly cloudy,//cdn.weatherapi.com/weather/64x64/day/116.png,13.7,3.8055555555555554,W,1024,"0",75,25,"0.6"
100,4,2025-01-03,"07:00:00",-3.8,-10,1000,Clear,//cdn.weatherapi.com/weather/64x64/night/113.png,23,6.388888888888888,W,1015,"0",86,"0","0"
101,1,2025-01-03,15:00:00,-0.8,-0.8,1000,Clear,//cdn.weatherapi.com/weather/64x64/night/113.png,3.6,1,WSW,1022,"0",81,1,"0"
102,3,2025-01-03,14:00:00,15.1,15.1,1003,Partly cloudy,//cdn.weatherapi.com/weather/64x64/day/116.png,25.9,7.194444444444444,WSW,1015,"0.42",72,75,"0.3"
103,2,2025-01-03,12:30:00,4.4,1.2,1000,Sunny,//cdn.weatherapi.com/weather/64x64/day/113.png,13.7,3.8055555555555554,W,1023,"0",70,"0","0.6"
104,4,2025-01-03,"08:00:00",-3.6,-9.7,1000,Sunny,//cdn.weatherapi.com/weather/64x64/day/113.png,22.3,6.194444444444445,W,1014,"0",86,"0","0.1"
105,1,2025-01-03,16:00:00,4.9,3.3,1000,Sunny,//cdn.weatherapi.com/weather/64x64/day/113.png,6.8,1.8888888888888888,WSW,1015,"0",71,25,"0.2"
106,3,2025-01-03,14:30:00,15,13.3,1003,Partly cloudy,//cdn.weatherapi.com/weather/64x64/day/116.png,25.9,7.194444444444444,WSW,1014,"0.42",77,75,"0.3"
107,2,2025-01-03,14:00:00,5.1,2.3,1000,Sunny,//cdn.weatherapi.com/weather/64x64/day/113.png,12.6,3.5,W,1023,"0",65,"0","0.3"
108,4,2025-01-03,"09:00:00","0.3",-5.1,1003,Partly cloudy,//cdn.weatherapi.com/weather/64x64/day/116.png,21.6,6,W,1014,"0",59,50,"0.4"
109,1,2025-01-03,17:00:00,2.7,"0.9",1003,Partly Cloudy,//cdn.weatherapi.com/weather/64x64/night/116.png,6.5,1.8055555555555556,SW,1015,"0",77,45,"0"
110,3,2025-01-03,15:30:00,15.2,15.2,1003,Partly cloudy,//cdn.weatherapi.com/weather/64x64/day/116.png,22,6.111111111111111,WSW,1014,"0.11",77,75,"0.1"
111,2,2025-01-03,15:00:00,5.2,2.5,1003,Partly cloudy,//cdn.weatherapi.com/weather/64x64/day/116.png,11.9,3.3055555555555554,WNW,1022,"0",65,25,"0.1"
112,4,2025-01-03,10:00:00,1.1,-4.1,1009,Overcast,//cdn.weatherapi.com/weather/64x64/day/122.png,22,6.111111111111111,W,1015,"0",49,100,"0.8"
113,1,2025-01-03,17:45:00,2.7,"0.9",1003,Partly Cloudy,//cdn.weatherapi.com/weather/64x64/night/116.png,6.5,1.8055555555555556,SW,1015,"0",77,45,"0"
114,3,2025-01-03,16:45:00,15.3,15.3,1003,Partly cloudy,//cdn.weatherapi.com/weather/64x64/night/116.png,16.9,4.694444444444444,W,1013,"0.14",77,50,"0"
115,2,2025-01-03,15:45:00,4.2,1.3,1003,Partly cloudy,//cdn.weatherapi.com/weather/64x64/day/116.png,11.9,3.3055555555555554,WNW,1023,"0",70,25,"0.1"
116,4,2025-01-03,11:00:00,1.7,-3.2,1003,Partly cloudy,//cdn.weatherapi.com/weather/64x64/day/116.png,20.9,5.805555555555555,W,1014,"0",45,25,1.1
117,1,2025-01-03,19:00:00,2.5,1.7,1009,Overcast,//cdn.weatherapi.com/weather/64x64/night/122.png,4,1.1111111111111112,SSW,1015,"0",76,100,"0"
118,3,2025-01-03,17:30:00,15.2,15.2,1003,Partly cloudy,//cdn.weatherapi.com/weather/64x64/night/116.png,11.2,3.1111111111111107,WNW,1013,"0.04",77,75,"0"
119,2,2025-01-03,17:00:00,3.2,"0.9",1003,Partly cloudy,//cdn.weatherapi.com/weather/64x64/night/116.png,8.6,2.388888888888889,W,1023,"0",75,25,"0"
120,4,2025-01-03,12:00:00,2.2,-2.6,1003,Partly cloudy,//cdn.weatherapi.com/weather/64x64/day/116.png,20.9,5.805555555555555,W,1013,"0",40,25,1.3
121,1,2025-01-03,20:00:00,2.3,2.3,1009,Overcast,//cdn.weatherapi.com/weather/64x64/night/122.png,3.6,1,WSW,1015,"0",74,100,"0"
122,3,2025-01-03,18:30:00,15.2,15.2,1003,Partly cloudy,//cdn.weatherapi.com/weather/64x64/night/116.png,7.9,2.1944444444444446,NW,1013,"0.01",77,75,"0"
123,2,2025-01-03,18:00:00,2,-0.1,1000,Clear,//cdn.weatherapi.com/weather/64x64/night/113.png,7.2,2,W,1023,"0",80,"0","0"
124,4,2025-01-03,13:00:00,2.8,-2,1003,Partly cloudy,//cdn.weatherapi.com/weather/64x64/day/116.png,22.3,6.194444444444445,W,1012,"0",40,25,1.1
125,1,2025-01-03,21:00:00,1.8,1.8,1009,Overcast,//cdn.weatherapi.com/weather/64x64/night/122.png,3.6,1,WNW,1016,"0",76,100,"0"
126,3,2025-01-03,20:45:00,11.5,11.5,1063,Patchy rain nearby,//cdn.weatherapi.com/weather/64x64/night/176.png,3.6,1,N,1016,"0.02",85,100,"0"
127,2,2025-01-03,19:00:00,1.1,-1.2,1000,Clear,//cdn.weatherapi.com/weather/64x64/night/113.png,7.2,2,W,1023,"0",86,"0","0"
128,4,2025-01-03,14:00:00,2.2,-2.8,1003,Partly cloudy,//cdn.weatherapi.com/weather/64x64/day/116.png,22.7,6.305555555555555,W,1009,"0",46,75,"0.6"
129,1,2025-01-03,22:00:00,1.6,1,1009,Overcast,//cdn.weatherapi.com/weather/64x64/night/122.png,3.6,1,WNW,1016,"0",78,100,"0"
130,3,2025-01-03,21:00:00,11.1,11.5,1183,Light rain,//cdn.weatherapi.com/weather/64x64/night/296.png,3.6,1,E,1015,"0.04",94,75,"0"
131,2,2025-01-03,19:30:00,"0.2",-2.2,1000,Clear,//cdn.weatherapi.com/weather/64x64/night/113.png,7.2,2,W,1023,"0",86,"0","0"
132,4,2025-01-03,15:00:00,2.8,-2.1,1003,Partly cloudy,//cdn.weatherapi.com/weather/64x64/day/116.png,22.7,6.305555555555555,W,1009,"0",42,75,"0.3"
133,1,2025-01-03,23:00:00,1.8,"0.1",1003,Partly Cloudy,//cdn.weatherapi.com/weather/64x64/night/116.png,5.8,1.611111111111111,NW,1016,"0",82,58,"0"
134,3,2025-01-03,21:30:00,11.2,11.6,1003,Partly cloudy,//cdn.weatherapi.com/weather/64x64/night/116.png,3.6,1,E,1015,"0.04",94,50,"0"
135,2,2025-01-03,21:00:00,-0.7,-3.2,1000,Clear,//cdn.weatherapi.com/weather/64x64/night/113.png,6.8,1.8888888888888888,WSW,1023,"0",86,"0","0"
136,4,2025-01-03,16:45:00,-0.2,-5.2,1003,Partly Cloudy,//cdn.weatherapi.com/weather/64x64/night/116.png,23,6.388888888888888,W,1010,"0",68,58,"0"
137,3,2025-01-03,22:30:00,11.2,11.1,1183,Light rain,//cdn.weatherapi.com/weather/64x64/night/296.png,5,1.3888888888888888,E,1016,"0",94,50,"0"
138,1,2025-01-03,23:30:00,3.4,2,1009,Overcast,//cdn.weatherapi.com/weather/64x64/night/122.png,5.8,1.611111111111111,NW,1013,"0",81,100,"0"
139,2,2025-01-03,22:00:00,2.1,"0",1000,Clear,//cdn.weatherapi.com/weather/64x64/night/113.png,7.2,2,SW,1023,"0",80,"0","0"
140,4,2025-01-03,17:00:00,2.8,-1.8,1003,Partly cloudy,//cdn.weatherapi.com/weather/64x64/night/116.png,20.5,5.694444444444445,W,1010,"0",42,75,"0"
141,3,2025-01-04,"00:00:00",10.2,9.5,1000,Clear,//cdn.weatherapi.com/weather/64x64/night/113.png,6.8,1.8888888888888888,N,1016,"0",94,"0","0"
142,2,2025-01-03,23:00:00,-0.8,-3.5,1000,Clear,//cdn.weatherapi.com/weather/64x64/night/113.png,7.6,2.111111111111111,SW,1023,"0",93,"0","0"
143,4,2025-01-03,18:00:00,2.2,-2.1,1009,Overcast,//cdn.weatherapi.com/weather/64x64/night/122.png,17.6,4.888888888888889,W,1010,"0",42,100,"0"
144,1,2025-01-04,"02:00:00",2.2,-1,1009,Overcast,//cdn.weatherapi.com/weather/64x64/night/122.png,11.5,3.194444444444444,NW,1014,"0.02",75,100,"0"
145,3,2025-01-04,"01:00:00",8.3,7.3,1003,Partly cloudy,//cdn.weatherapi.com/weather/64x64/night/116.png,6.8,1.8888888888888888,N,1016,"0",100,25,"0"
146,2,2025-01-04,"00:00:00",-1,-3.6,1000,Clear,//cdn.weatherapi.com/weather/64x64/night/113.png,7.2,2,SW,1023,"0",93,"0","0"
147,4,2025-01-03,19:45:00,-1,-5.8,1009,Overcast,//cdn.weatherapi.com/weather/64x64/night/122.png,15.5,4.305555555555555,W,1010,"0",78,100,"0"
148,3,2025-01-04,"01:45:00",8.1,7.1,1030,Mist,//cdn.weatherapi.com/weather/64x64/night/143.png,6.8,1.8888888888888888,N,1016,"0",100,25,"0"
149,2,2025-01-04,"01:00:00",-0.8,-3.4,1000,Clear,//cdn.weatherapi.com/weather/64x64/night/113.png,7.2,2,SW,1023,"0",93,"0","0"
150,4,2025-01-03,20:00:00,1.7,-1.9,1003,Partly cloudy,//cdn.weatherapi.com/weather/64x64/night/116.png,13,3.611111111111111,W,1009,"0",47,75,"0"
151,1,2025-01-04,"04:00:00","0.2",-2.2,1213,Light snow,//cdn.weatherapi.com/weather/64x64/night/326.png,7.2,2,WNW,1017,"0.29",93,75,"0"
152,3,2025-01-04,"03:00:00",9,7.7,1135,Fog,//cdn.weatherapi.com/weather/64x64/night/248.png,8.6,2.388888888888889,NNE,1016,"0",93,60,"0"
153,2,2025-01-04,"02:00:00",1.3,-0.7,1000,Clear,//cdn.weatherapi.com/weather/64x64/night/113.png,6.5,1.8055555555555556,SW,1022,"0",86,"0","0"
154,4,2025-01-03,21:00:00,"0.6",-3.1,1000,Clear,//cdn.weatherapi.com/weather/64x64/night/113.png,12.2,3.3888888888888884,WNW,1009,"0",58,"0","0"
155,3,2025-01-04,"04:00:00",8.2,6.7,1030,Mist,//cdn.weatherapi.com/weather/64x64/night/143.png,9,2.5,NNE,1016,"0",100,100,"0"
156,2,2025-01-04,"03:00:00",-0.7,-2.7,1000,Clear,//cdn.weatherapi.com/weather/64x64/night/113.png,5.8,1.611111111111111,SW,1022,"0",93,"0","0"
157,4,2025-01-03,22:00:00,"0.3",-3.7,1000,Clear,//cdn.weatherapi.com/weather/64x64/night/113.png,13.3,3.6944444444444446,WNW,1009,"0",61,"0","0"
158,3,2025-01-04,"05:45:00",7.6,5.9,1000,Clear,//cdn.weatherapi.com/weather/64x64/night/113.png,9.4,2.611111111111111,NNE,1017,"0",92,7,"0"
159,1,2025-01-04,"05:30:00","0.1",-3.7,1225,Heavy snow,//cdn.weatherapi.com/weather/64x64/night/338.png,11.9,3.3055555555555554,WNW,1018,"0.68",86,100,"0"
160,2,2025-01-04,"04:00:00",1.3,-0.4,1003,Partly cloudy,//cdn.weatherapi.com/weather/64x64/night/116.png,5.8,1.611111111111111,SW,1021,"0",86,75,"0"
161,4,2025-01-03,23:00:00,"0.3",-3.9,1000,Clear,//cdn.weatherapi.com/weather/64x64/night/113.png,14.4,4,NW,1009,"0",61,"0","0"
162,3,2025-01-04,"06:45:00",7.2,5.5,1000,Clear,//cdn.weatherapi.com/weather/64x64/night/113.png,9.4,2.611111111111111,NNE,1017,"0",91,6,"0"
163,2,2025-01-04,"04:30:00",1.4,-0.3,1000,Clear,//cdn.weatherapi.com/weather/64x64/night/113.png,5.8,1.611111111111111,SW,1021,"0",86,"0","0"
164,4,2025-01-04,"00:00:00",-0.6,-6.1,1000,Clear,//cdn.weatherapi.com/weather/64x64/night/113.png,20.5,5.694444444444445,NW,1009,"0",61,"0","0"
165,1,2025-01-04,"09:45:00",-0.9,-4.5,1003,Partly cloudy,//cdn.weatherapi.com/weather/64x64/day/116.png,10.4,2.888888888888889,WNW,1021,"0",80,50,"0.2"
166,2,2025-01-04,"07:45:00",1.1,"0",1000,Clear,//cdn.weatherapi.com/weather/64x64/night/113.png,4.3,1.1944444444444444,S,1019,"0",86,"0","0"
168,4,2025-01-04,"02:45:00",-1.1,-7,1000,Clear,//cdn.weatherapi.com/weather/64x64/night/113.png,22.3,6.194444444444445,NW,1008,"0",47,"0","0"
167,3,2025-01-04,"08:45:00",6.3,4.4,1135,Fog,//cdn.weatherapi.com/weather/64x64/day/248.png,9,2.5,NNE,1018,"0",93,100,"0"
169,1,2025-01-04,10:00:00,-0.8,-4.8,1003,Partly cloudy,//cdn.weatherapi.com/weather/64x64/day/116.png,12.2,3.3888888888888884,WNW,1021,"0",80,50,"0.5"
170,2,2025-01-04,"07:30:00",1.2,"0.1",1000,Clear,//cdn.weatherapi.com/weather/64x64/night/113.png,4.3,1.1944444444444444,S,1019,"0",86,"0","0"
171,4,2025-01-04,"03:00:00",-1.1,-7.2,1000,Clear,//cdn.weatherapi.com/weather/64x64/night/113.png,23.8,6.611111111111111,WNW,1008,"0",47,"0","0"
172,3,2025-01-04,"09:15:00",5.4,3.5,1003,Partly cloudy,//cdn.weatherapi.com/weather/64x64/day/116.png,8.3,2.305555555555556,NNE,1018,"0",100,25,"0.3"
173,2,2025-01-04,"09:00:00",-0.8,-2.3,1003,Partly cloudy,//cdn.weatherapi.com/weather/64x64/day/116.png,4.7,1.3055555555555556,SSE,1018,"0",93,75,"0.1"
174,4,2025-01-04,"04:00:00",-0.6,-6.1,1003,Partly cloudy,//cdn.weatherapi.com/weather/64x64/night/116.png,20.5,5.694444444444445,NW,1009,"0",47,75,"0"
175,3,2025-01-04,11:00:00,9.2,8.3,1000,Sunny,//cdn.weatherapi.com/weather/64x64/day/113.png,7.2,2,NNE,1019,"0",76,"0",1.1
176,1,2025-01-04,12:00:00,1,-2.4,1000,Sunny,//cdn.weatherapi.com/weather/64x64/day/113.png,11.2,3.1111111111111107,WNW,1022,"0",69,"0",1.2
177,2,2025-01-04,"09:30:00",-0.8,-2.3,1003,Partly cloudy,//cdn.weatherapi.com/weather/64x64/day/116.png,4.7,1.3055555555555556,SSE,1018,"0",93,75,"0.1"
178,4,2025-01-04,"05:45:00",-3.7,-9.7,1000,Clear,//cdn.weatherapi.com/weather/64x64/night/113.png,25.6,7.111111111111112,WNW,1009,"0",70,"0","0"
179,3,2025-01-04,12:00:00,10.3,10.1,1000,Sunny,//cdn.weatherapi.com/weather/64x64/day/113.png,5,1.3888888888888888,N,1019,"0.01",82,"0","0.8"
180,2,2025-01-04,10:45:00,"0.1",-1.7,1003,Partly cloudy,//cdn.weatherapi.com/weather/64x64/day/116.png,5.4,1.5,SSE,1018,"0",93,75,"0.2"
181,4,2025-01-04,"06:00:00",-1.1,-7.4,1003,Partly cloudy,//cdn.weatherapi.com/weather/64x64/night/116.png,25.9,7.194444444444444,WNW,1010,"0",43,75,"0"
182,3,2025-01-04,13:00:00,11.2,11.6,1000,Sunny,//cdn.weatherapi.com/weather/64x64/day/113.png,3.6,1,ENE,1020,"0",71,"0","0.4"
183,1,2025-01-04,14:45:00,1.7,-1,1000,Sunny,//cdn.weatherapi.com/weather/64x64/day/113.png,9,2.5,WNW,1024,"0",59,"0","0.9"
184,2,2025-01-04,11:30:00,"0.1",-2.1,1003,Partly cloudy,//cdn.weatherapi.com/weather/64x64/day/116.png,6.5,1.8055555555555556,SSE,1016,"0",100,75,"0.3"
185,4,2025-01-04,"06:30:00",-1.1,-7.4,1009,Overcast,//cdn.weatherapi.com/weather/64x64/night/122.png,25.9,7.194444444444444,WNW,1011,"0",41,100,"0"
186,3,2025-01-04,14:45:00,13.3,13.3,1003,Partly Cloudy,//cdn.weatherapi.com/weather/64x64/day/116.png,3.6,1,W,1019,"0",67,36,"0.3"
187,2,2025-01-04,12:30:00,1.4,-1.4,1003,Partly cloudy,//cdn.weatherapi.com/weather/64x64/day/116.png,9,2.5,SSE,1015,"0",93,75,"0.3"
188,4,2025-01-04,"08:00:00",-1.1,-7.3,1003,Partly cloudy,//cdn.weatherapi.com/weather/64x64/day/116.png,24.8,6.888888888888889,WNW,1011,"0",47,75,"0.1"
189,1,2025-01-04,15:30:00,2.3,-0.1,1003,Partly cloudy,//cdn.weatherapi.com/weather/64x64/day/116.png,8.3,2.305555555555556,WNW,1021,"0",51,50,"0.5"
190,3,2025-01-04,15:00:00,13.4,14,1000,Sunny,//cdn.weatherapi.com/weather/64x64/day/113.png,3.6,1,WSW,1019,"0.01",72,"0","0.2"
191,2,2025-01-04,13:45:00,3.2,"0.9",1000,Sunny,//cdn.weatherapi.com/weather/64x64/day/113.png,8.6,2.388888888888889,SSE,1014,"0",93,"0","0.3"
192,4,2025-01-04,"08:45:00",-0.6,-6.7,1009,Overcast,//cdn.weatherapi.com/weather/64x64/day/122.png,24.8,6.888888888888889,WNW,1011,"0",39,100,"0.1"
193,3,2025-01-04,16:00:00,14,14.7,1000,Sunny,//cdn.weatherapi.com/weather/64x64/day/113.png,3.6,1,WSW,1018,"0.02",63,"0","0.1"
194,2,2025-01-04,15:00:00,4.1,1.4,1000,Sunny,//cdn.weatherapi.com/weather/64x64/day/113.png,10.8,3,SE,1013,"0.02",81,"0","0.1"
195,4,2025-01-04,10:00:00,-0.6,-6.8,1003,Partly cloudy,//cdn.weatherapi.com/weather/64x64/day/116.png,25.9,7.194444444444444,WNW,1012,"0",36,75,"0.8"
196,1,2025-01-04,18:00:00,-3.2,-4.1,1000,Clear,//cdn.weatherapi.com/weather/64x64/night/113.png,3.6,1,W,1026,"0",75,7,"0"
197,3,2025-01-04,17:00:00,13.1,13.7,1003,Partly cloudy,//cdn.weatherapi.com/weather/64x64/night/116.png,3.6,1,SW,1019,"0.01",72,50,"0"
198,2,2025-01-04,16:00:00,4.3,1.4,1000,Clear,//cdn.weatherapi.com/weather/64x64/night/113.png,12.2,3.3888888888888884,SE,1012,"0.12",81,"0","0"
199,4,2025-01-04,10:45:00,"0.4",-5.5,1003,Partly cloudy,//cdn.weatherapi.com/weather/64x64/day/116.png,25.9,7.194444444444444,WNW,1012,"0",34,50,"0.8"
200,3,2025-01-04,18:00:00,12.2,12.7,1000,Clear,//cdn.weatherapi.com/weather/64x64/night/113.png,3.6,1,W,1019,"0.01",71,"0","0"
201,2,2025-01-04,16:30:00,4.1,1.1,1000,Clear,//cdn.weatherapi.com/weather/64x64/night/113.png,12.2,3.3888888888888884,SE,1011,"0.12",75,"0","0"
202,4,2025-01-04,12:00:00,"0.2",-6.2,1009,Overcast,//cdn.weatherapi.com/weather/64x64/day/122.png,29.9,8.305555555555555,WNW,1012,"0",36,100,1.3
203,3,2025-01-04,18:15:00,12.2,12.7,1000,Clear,//cdn.weatherapi.com/weather/64x64/night/113.png,3.6,1,W,1019,"0.01",71,"0","0"
204,1,2025-01-04,20:00:00,-2.7,-3.8,1000,Clear,//cdn.weatherapi.com/weather/64x64/night/113.png,3.6,1,WNW,1023,"0",74,"0","0"
205,2,2025-01-04,17:30:00,3.1,-0.3,1009,Overcast,//cdn.weatherapi.com/weather/64x64/night/122.png,13.3,3.6944444444444446,ESE,1009,"0.27",81,100,"0"
206,4,2025-01-04,12:30:00,"0.2",-6.2,1003,Partly cloudy,//cdn.weatherapi.com/weather/64x64/day/116.png,29.9,8.305555555555555,WNW,1012,"0",34,50,1.3
207,3,2025-01-04,20:00:00,8.1,8.1,1000,Clear,//cdn.weatherapi.com/weather/64x64/night/113.png,3.6,1,NW,1020,"0.02",87,"0","0"
208,2,2025-01-04,19:00:00,3,-0.9,1009,Overcast,//cdn.weatherapi.com/weather/64x64/night/122.png,15.8,4.388888888888889,ESE,1008,"0.94",81,100,"0"
209,4,2025-01-04,14:00:00,"0.2",-6.2,1003,Partly cloudy,//cdn.weatherapi.com/weather/64x64/day/116.png,29.5,8.194444444444445,WNW,1011,"0",36,25,"0.7"
210,1,2025-01-04,21:30:00,-3.9,-5.2,1000,Clear,//cdn.weatherapi.com/weather/64x64/night/113.png,3.6,1,SW,1023,"0",80,"0","0"
211,3,2025-01-04,20:30:00,7.1,7,1000,Clear,//cdn.weatherapi.com/weather/64x64/night/113.png,3.6,1,NW,1020,"0.02",87,"0","0"
212,2,2025-01-04,20:00:00,1,-3.3,1213,Light snow,//cdn.weatherapi.com/weather/64x64/night/326.png,15.5,4.305555555555555,ESE,1007,1.48,86,75,"0"
213,4,2025-01-04,15:00:00,"0",-6.4,1003,Partly cloudy,//cdn.weatherapi.com/weather/64x64/day/116.png,28.8,8,WNW,1012,"0",34,75,"0.3"
214,3,2025-01-04,22:00:00,8.3,8.4,1000,Clear,//cdn.weatherapi.com/weather/64x64/night/113.png,3.6,1,N,1020,"0",87,"0","0"
215,2,2025-01-04,20:30:00,2.1,-1.9,1009,Overcast,//cdn.weatherapi.com/weather/64x64/night/122.png,15.5,4.305555555555555,ESE,1006,1.48,93,100,"0"
216,4,2025-01-04,15:30:00,-0.6,-7.1,1003,Partly cloudy,//cdn.weatherapi.com/weather/64x64/day/116.png,28.8,8,WNW,1012,"0",31,75,"0.3"
217,1,2025-01-07,20:00:00,1.4,"0.7",1030,Mist,//cdn.weatherapi.com/weather/64x64/night/143.png,3.6,1,W,1018,"0",93,"0",1
218,3,2025-01-07,19:00:00,14,13.5,1003,Partly cloudy,//cdn.weatherapi.com/weather/64x64/night/116.png,9.4,2.611111111111111,SSE,1012,"0",82,50,1
219,2,2025-01-07,17:15:00,3.1,2.6,1003,Partly cloudy,//cdn.weatherapi.com/weather/64x64/night/116.png,3.6,1,NNW,1000,"0",87,25,1
220,4,2025-01-07,13:00:00,-1.7,-8.6,1000,Sunny,//cdn.weatherapi.com/weather/64x64/day/113.png,29.5,8.194444444444445,NW,1009,"0",42,"0",2
221,1,2025-01-07,21:00:00,"0.3",-0.5,1030,Mist,//cdn.weatherapi.com/weather/64x64/night/143.png,3.6,1,S,1018,"0",93,25,1
222,3,2025-01-07,20:45:00,11.1,10.6,1003,Partly Cloudy,//cdn.weatherapi.com/weather/64x64/night/116.png,6.8,1.8888888888888888,ESE,1012,"0",81,26,1
223,2,2025-01-07,18:15:00,3.1,2.6,1000,Clear,//cdn.weatherapi.com/weather/64x64/night/113.png,3.6,1,NNW,1001,"0",87,"0",1
224,4,2025-01-07,14:00:00,-1.1,-8,1003,Partly cloudy,//cdn.weatherapi.com/weather/64x64/day/116.png,31,8.61111111111111,NW,1009,"0",43,25,2
225,1,2025-01-07,22:00:00,"0.3",-0.5,1030,Mist,//cdn.weatherapi.com/weather/64x64/night/143.png,3.6,1,SW,1018,"0",100,"0",1
226,3,2025-01-07,20:15:00,14.2,14.1,1183,Light rain,//cdn.weatherapi.com/weather/64x64/night/296.png,6.8,1.8888888888888888,ESE,1013,"0",82,75,1
227,2,2025-01-07,20:00:00,1.1,-0.2,1000,Clear,//cdn.weatherapi.com/weather/64x64/night/113.png,4.7,1.3055555555555556,NNE,1001,"0",93,"0",1
228,4,2025-01-07,14:30:00,"0",-6.6,1000,Sunny,//cdn.weatherapi.com/weather/64x64/day/113.png,31,8.61111111111111,NW,1009,"0",39,"0",2
229,1,2025-01-07,22:15:00,"0.3",-0.5,1030,Mist,//cdn.weatherapi.com/weather/64x64/night/143.png,3.6,1,SW,1018,"0",93,"0",1
230,3,2025-01-07,22:00:00,13.1,12.6,1183,Light rain,//cdn.weatherapi.com/weather/64x64/night/296.png,8.3,2.305555555555556,NE,1014,"0",88,75,1
231,2,2025-01-07,21:00:00,2.1,"0.6",1000,Clear,//cdn.weatherapi.com/weather/64x64/night/113.png,5.4,1.5,NE,1002,"0",87,"0",1
232,4,2025-01-07,15:30:00,"0.4",-6,1000,Sunny,//cdn.weatherapi.com/weather/64x64/day/113.png,30.2,8.38888888888889,NW,1009,"0",41,"0",2
233,1,2025-01-08,"00:00:00",-1,-1.9,1147,Freezing fog,//cdn.weatherapi.com/weather/64x64/night/260.png,3.6,1,SSW,1018,"0",93,"0",1
234,3,2025-01-07,23:00:00,12,11.7,1003,Partly cloudy,//cdn.weatherapi.com/weather/64x64/night/116.png,6.5,1.8055555555555556,NNE,1014,"0",88,50,1
235,2,2025-01-07,22:00:00,1.3,"0.4",1000,Clear,//cdn.weatherapi.com/weather/64x64/night/113.png,4,1.1111111111111112,NE,1002,"0",93,"0",1
236,4,2025-01-07,17:00:00,"0.1",-6.4,1000,Clear,//cdn.weatherapi.com/weather/64x64/night/113.png,31,8.61111111111111,WNW,1011,"0",39,"0",1
237,1,2025-01-08,"00:15:00",-1.8,-2.8,1147,Freezing fog,//cdn.weatherapi.com/weather/64x64/night/260.png,3.6,1,W,1018,"0",100,"0","0"
238,3,2025-01-08,"00:00:00",11.1,10.5,1000,Clear,//cdn.weatherapi.com/weather/64x64/night/113.png,6.8,1.8888888888888888,ESE,1015,"0",94,"0","0"
239,2,2025-01-07,23:00:00,1.1,-2.6,1000,Clear,//cdn.weatherapi.com/weather/64x64/night/113.png,12.6,3.5,WSW,1003,"0",93,"0","0"
240,4,2025-01-07,17:15:00,-1.1,-8.4,1000,Clear,//cdn.weatherapi.com/weather/64x64/night/113.png,35.3,9.805555555555555,NW,1012,"0",43,"0","0"
241,1,2025-01-08,"02:00:00",-1.7,-2.7,1147,Freezing fog,//cdn.weatherapi.com/weather/64x64/night/260.png,3.6,1,WSW,1018,"0",100,"0","0"
242,3,2025-01-08,"01:00:00",11.3,10.8,1003,Partly cloudy,//cdn.weatherapi.com/weather/64x64/night/116.png,6.8,1.8888888888888888,ESE,1015,"0",94,50,"0"
243,2,2025-01-07,23:45:00,"0",-3.9,1000,Clear,//cdn.weatherapi.com/weather/64x64/night/113.png,12.6,3.5,WSW,1003,"0",93,"0","0"
244,4,2025-01-07,18:15:00,-1.7,-9.1,1000,Clear,//cdn.weatherapi.com/weather/64x64/night/113.png,34.2,9.5,NW,1014,"0",42,"0","0"
245,1,2025-01-08,"03:00:00",2.5,2.5,1006,Cloudy,//cdn.weatherapi.com/weather/64x64/night/119.png,3.6,1,WSW,1019,"0",87,66,"0"
246,3,2025-01-08,"02:00:00",11.3,10.7,1003,Partly cloudy,//cdn.weatherapi.com/weather/64x64/night/116.png,7.2,2,E,1015,"0",94,50,"0"
247,2,2025-01-08,"01:00:00","0.3",-3.2,1000,Clear,//cdn.weatherapi.com/weather/64x64/night/113.png,11.2,3.1111111111111107,WSW,1003,"0",86,"0","0"
248,4,2025-01-07,20:00:00,-2.2,-9.6,1000,Clear,//cdn.weatherapi.com/weather/64x64/night/113.png,32,8.88888888888889,NW,1014,"0",46,"0","0"
249,1,2025-01-08,"04:00:00",-0.8,-1.7,1147,Freezing fog,//cdn.weatherapi.com/weather/64x64/night/260.png,3.6,1,SW,1017,"0",93,"0","0"
250,3,2025-01-08,"03:00:00",9.1,8.1,1000,Clear,//cdn.weatherapi.com/weather/64x64/night/113.png,7.6,2.111111111111111,E,1016,"0",93,"0","0"
251,2,2025-01-08,"02:00:00","0.2",-3.5,1000,Clear,//cdn.weatherapi.com/weather/64x64/night/113.png,11.5,3.194444444444444,WSW,1004,"0",93,"0","0"
252,4,2025-01-07,21:45:00,-3.7,-11.1,1000,Clear,//cdn.weatherapi.com/weather/64x64/night/113.png,31.3,8.694444444444445,WNW,1015,"0",68,"0","0"
253,1,2025-01-08,"04:15:00",-0.9,-1.8,1030,Mist,//cdn.weatherapi.com/weather/64x64/night/143.png,3.6,1,SW,1018,"0",100,"0","0"
254,3,2025-01-08,"03:15:00",9.1,8.1,1000,Clear,//cdn.weatherapi.com/weather/64x64/night/113.png,7.6,2.111111111111111,E,1016,"0",93,"0","0"
255,2,2025-01-08,"02:15:00",-0.6,-4.4,1003,Partly cloudy,//cdn.weatherapi.com/weather/64x64/night/116.png,11.5,3.194444444444444,WSW,1004,"0",93,25,"0"
256,4,2025-01-07,22:00:00,-2.8,-10.2,1009,Overcast,//cdn.weatherapi.com/weather/64x64/night/122.png,30.2,8.38888888888889,WNW,1015,"0",46,100,"0"
257,1,2025-01-08,"06:45:00",2.5,2.5,1006,Cloudy,//cdn.weatherapi.com/weather/64x64/night/119.png,3.6,1,W,1019,"0",87,85,"0"
258,3,2025-01-08,"04:15:00",8.3,7.5,1000,Clear,//cdn.weatherapi.com/weather/64x64/night/113.png,6.1,1.6944444444444442,ESE,1016,"0",100,"0","0"
259,2,2025-01-08,"03:15:00","0.2",-3.3,1003,Partly cloudy,//cdn.weatherapi.com/weather/64x64/night/116.png,10.8,3,W,1004,"0",93,25,"0"
260,4,2025-01-07,23:00:00,-2.8,-10.2,1009,Overcast,//cdn.weatherapi.com/weather/64x64/night/122.png,30.6,8.5,NW,1015,"0",48,100,"0"
261,1,2025-01-08,"07:00:00","0.4",-0.4,1030,Mist,//cdn.weatherapi.com/weather/64x64/night/143.png,3.6,1,WSW,1018,"0",93,"0","0"
262,3,2025-01-08,"06:00:00",8.2,7.5,1135,Fog,//cdn.weatherapi.com/weather/64x64/night/248.png,5.8,1.611111111111111,SSE,1016,"0.02",93,"0","0"
263,2,2025-01-08,"04:15:00",-0.9,-3.9,1000,Clear,//cdn.weatherapi.com/weather/64x64/night/113.png,8.3,2.305555555555556,WSW,1004,"0",93,"0","0"
264,4,2025-01-08,"00:00:00",-2.8,-10.1,1009,Overcast,//cdn.weatherapi.com/weather/64x64/night/122.png,29.5,8.194444444444445,WNW,1016,"0",48,100,"0"
265,1,2025-01-08,"08:00:00","0",-0.8,1030,Mist,//cdn.weatherapi.com/weather/64x64/day/143.png,3.6,1,SW,1018,"0",93,"0","0"
266,3,2025-01-08,"06:15:00",7.2,6.1,1000,Clear,//cdn.weatherapi.com/weather/64x64/night/113.png,6.5,1.8055555555555556,SSE,1017,"0",100,"0","0"
267,2,2025-01-08,"05:15:00",-1.7,-4.5,1003,Partly cloudy,//cdn.weatherapi.com/weather/64x64/night/116.png,7.2,2,W,1004,"0",100,75,"0"
268,4,2025-01-08,"00:15:00",-2.8,-10.2,1003,Partly cloudy,//cdn.weatherapi.com/weather/64x64/night/116.png,30.6,8.5,WNW,1015,"0",46,75,"0"
269,1,2025-01-08,"09:00:00",-0.8,-1.7,1030,Mist,//cdn.weatherapi.com/weather/64x64/day/143.png,3.6,1,SW,1019,"0",100,25,"0.2"
270,3,2025-01-08,"08:00:00",9.2,7.9,1003,Partly cloudy,//cdn.weatherapi.com/weather/64x64/day/116.png,9,2.5,SE,1017,"0",93,50,"0"
271,2,2025-01-08,"07:00:00",-1,-2.9,1009,Overcast,//cdn.weatherapi.com/weather/64x64/night/122.png,5.4,1.5,W,1003,"0",93,100,"0"
272,4,2025-01-08,"02:00:00",-2.8,-10.3,1000,Clear,//cdn.weatherapi.com/weather/64x64/night/113.png,31.3,8.694444444444445,NW,1015,"0",44,"0","0"
273,1,2025-01-08,10:00:00,"0.1",-0.7,1030,Mist,//cdn.weatherapi.com/weather/64x64/day/143.png,3.6,1,WSW,1019,"0",93,25,"0.6"
274,3,2025-01-08,"09:00:00",10,8.4,1003,Partly cloudy,//cdn.weatherapi.com/weather/64x64/day/116.png,11.5,3.194444444444444,SSE,1018,"0.02",87,25,"0.4"
275,2,2025-01-08,"08:00:00",-1,-1.9,1000,Sunny,//cdn.weatherapi.com/weather/64x64/day/113.png,3.6,1,WSW,1004,"0",93,"0","0"
276,4,2025-01-08,"03:00:00",-3.3,-10.9,1000,Clear,//cdn.weatherapi.com/weather/64x64/night/113.png,31,8.61111111111111,WNW,1015,"0",42,"0","0"
277,1,2025-01-08,10:15:00,3.3,2.8,1030,Mist,//cdn.weatherapi.com/weather/64x64/day/143.png,3.6,1,WSW,1020,"0",87,25,"0.6"
278,3,2025-01-08,"09:15:00",8.4,6.5,1135,Fog,//cdn.weatherapi.com/weather/64x64/day/248.png,11.5,3.194444444444444,SSE,1018,"0.02",100,"0","0.4"
279,2,2025-01-08,"08:45:00",-1.6,-2.6,1000,Sunny,//cdn.weatherapi.com/weather/64x64/day/113.png,3.6,1,WSW,1004,"0",100,"0","0"
280,4,2025-01-08,"03:15:00",-3.3,-10.9,1003,Partly cloudy,//cdn.weatherapi.com/weather/64x64/night/116.png,31,8.61111111111111,WNW,1016,"0",44,50,"0"
281,1,2025-01-08,11:15:00,5.2,4.9,1030,Mist,//cdn.weatherapi.com/weather/64x64/day/143.png,3.6,1,W,1019,"0",81,25,1
282,3,2025-01-08,11:45:00,13.4,12.1,1063,Patchy rain nearby,//cdn.weatherapi.com/weather/64x64/day/176.png,14.4,4,S,1019,"0.1",77,96,"0.5"
283,2,2025-01-08,10:00:00,-0.8,-1.7,1000,Sunny,//cdn.weatherapi.com/weather/64x64/day/113.png,3.6,1,SE,1003,"0",93,"0","0.3"
284,4,2025-01-08,"05:00:00",-3.3,-10.8,1003,Partly cloudy,//cdn.weatherapi.com/weather/64x64/night/116.png,30.2,8.38888888888889,WNW,1015,"0",44,25,"0"
285,1,2025-01-08,13:00:00,9,8.9,1003,Partly cloudy,//cdn.weatherapi.com/weather/64x64/day/116.png,4.3,1.1944444444444444,W,1018,"0",66,25,1.3
286,3,2025-01-08,12:00:00,10.2,8,1030,Mist,//cdn.weatherapi.com/weather/64x64/day/143.png,16.6,4.611111111111112,S,1019,"0.06",100,25,"0.4"
287,2,2025-01-08,11:00:00,"0.3",-1.7,1000,Sunny,//cdn.weatherapi.com/weather/64x64/day/113.png,6.1,1.6944444444444442,E,1003,"0",93,"0","0.4"
288,4,2025-01-08,"06:00:00",-3.9,-11.6,1003,Partly cloudy,//cdn.weatherapi.com/weather/64x64/night/116.png,30.2,8.38888888888889,WNW,1015,"0",44,50,"0"
289,1,2025-01-08,14:45:00,11.2,10.7,1000,Sunny,//cdn.weatherapi.com/weather/64x64/day/113.png,6.5,1.8055555555555556,W,1017,"0",69,6,1
290,3,2025-01-08,13:00:00,14.2,13.3,1003,Partly cloudy,//cdn.weatherapi.com/weather/64x64/day/116.png,12.6,3.5,S,1018,"0.04",94,50,"0.4"
291,2,2025-01-08,12:00:00,"0.3",-2,1000,Sunny,//cdn.weatherapi.com/weather/64x64/day/113.png,6.8,1.8888888888888888,E,1002,"0",100,"0","0.4"
292,4,2025-01-08,"07:00:00",-3.9,-11.6,1000,Clear,//cdn.weatherapi.com/weather/64x64/night/113.png,30.6,8.5,WNW,1015,"0",42,"0","0"
293,1,2025-01-08,15:00:00,12.3,12.2,1000,Sunny,//cdn.weatherapi.com/weather/64x64/day/113.png,5.8,1.611111111111111,WSW,1016,"0",62,"0","0.6"
294,3,2025-01-08,13:15:00,15.1,15.1,1003,Partly cloudy,//cdn.weatherapi.com/weather/64x64/day/116.png,12.6,3.5,S,1018,"0.04",67,50,"0.4"
295,2,2025-01-08,12:45:00,1.3,-0.8,1000,Sunny,//cdn.weatherapi.com/weather/64x64/day/113.png,6.8,1.8888888888888888,E,1001,"0",93,"0","0.4"
296,4,2025-01-08,"08:00:00",-4.4,-12.2,1000,Sunny,//cdn.weatherapi.com/weather/64x64/day/113.png,29.5,8.194444444444445,WNW,1016,"0",43,"0","0.1"
297,1,2025-01-08,15:15:00,13.2,13.2,1003,Partly cloudy,//cdn.weatherapi.com/weather/64x64/day/116.png,5.8,1.611111111111111,WSW,1016,"0",62,25,"0.6"
298,3,2025-01-08,15:00:00,16.2,16.2,1003,Partly cloudy,//cdn.weatherapi.com/weather/64x64/day/116.png,12.6,3.5,S,1018,"0",63,50,"0.2"
299,2,2025-01-08,14:00:00,2.1,-1.2,1000,Sunny,//cdn.weatherapi.com/weather/64x64/day/113.png,11.5,3.194444444444444,E,999,"0.16",93,"0","0.2"
300,4,2025-01-08,"08:15:00",-4.4,-12.2,1000,Sunny,//cdn.weatherapi.com/weather/64x64/day/113.png,29.5,8.194444444444445,WNW,1016,"0",41,"0","0.1"
301,1,2025-01-08,17:00:00,11.1,11.5,1003,Partly cloudy,//cdn.weatherapi.com/weather/64x64/day/116.png,3.6,1,WSW,1016,"0",66,25,"0"
302,3,2025-01-08,16:00:00,16.2,16.2,1003,Partly cloudy,//cdn.weatherapi.com/weather/64x64/day/116.png,11.5,3.194444444444444,S,1018,"0",63,50,"0.1"
303,2,2025-01-08,15:00:00,2.3,-0.9,1204,Light sleet,//cdn.weatherapi.com/weather/64x64/day/317.png,11.5,3.194444444444444,ENE,999,"0.16",87,50,"0.1"
304,4,2025-01-08,10:00:00,-4.4,-12.1,1003,Partly cloudy,//cdn.weatherapi.com/weather/64x64/day/116.png,29.2,8.11111111111111,WNW,1016,"0",41,25,"0.8"
305,1,2025-01-08,18:45:00,6,6,1000,Clear,//cdn.weatherapi.com/weather/64x64/night/113.png,3.6,1,SW,1019,"0",83,6,"0"
306,3,2025-01-08,16:15:00,15.3,15.3,1003,Partly cloudy,//cdn.weatherapi.com/weather/64x64/day/116.png,11.5,3.194444444444444,S,1019,"0",67,50,"0.1"
307,2,2025-01-08,16:00:00,2,-1.1,1204,Light sleet,//cdn.weatherapi.com/weather/64x64/day/317.png,10.8,3,ENE,998,1.04,87,50,"0"
308,4,2025-01-08,11:00:00,-3.3,-10.7,1003,Partly cloudy,//cdn.weatherapi.com/weather/64x64/day/116.png,29.2,8.11111111111111,WNW,1015,"0",42,50,1.2
309,1,2025-01-08,18:15:00,8.3,8.4,1003,Partly cloudy,//cdn.weatherapi.com/weather/64x64/night/116.png,3.6,1,SW,1017,"0",81,25,"0"
310,3,2025-01-08,18:00:00,15.3,15.3,1003,Partly cloudy,//cdn.weatherapi.com/weather/64x64/night/116.png,10.8,3,SE,1019,"0",67,50,"0"
311,2,2025-01-08,16:45:00,2.3,-0.8,1219,Moderate snow,//cdn.weatherapi.com/weather/64x64/night/332.png,10.8,3,ENE,998,1.04,87,50,"0"
312,4,2025-01-08,11:15:00,-2.8,-10,1003,Partly cloudy,//cdn.weatherapi.com/weather/64x64/day/116.png,29.2,8.11111111111111,WNW,1014,"0",38,75,1.2
313,1,2025-01-08,20:45:00,5.1,5.1,1000,Clear,//cdn.weatherapi.com/weather/64x64/night/113.png,3.6,1,SSW,1019,"0",85,4,"0"
314,3,2025-01-08,18:15:00,15.3,15.3,1003,Partly cloudy,//cdn.weatherapi.com/weather/64x64/night/116.png,10.1,2.8055555555555554,SSE,1019,"0",67,50,"0"
315,2,2025-01-08,17:15:00,2.3,-0.6,1222,Patchy heavy snow,//cdn.weatherapi.com/weather/64x64/night/335.png,10.1,2.8055555555555554,NE,998,"0.49",87,50,"0"
316,4,2025-01-08,12:45:00,-2.8,-10.2,1003,Partly cloudy,//cdn.weatherapi.com/weather/64x64/day/116.png,30.2,8.38888888888889,WNW,1013,"0",37,25,1.3
317,1,2025-01-08,21:00:00,7.3,7.3,1003,Partly cloudy,//cdn.weatherapi.com/weather/64x64/night/116.png,3.6,1,WSW,1018,"0",76,25,"0"
318,3,2025-01-08,20:00:00,14,13.5,1003,Partly cloudy,//cdn.weatherapi.com/weather/64x64/night/116.png,9.7,2.694444444444444,SE,1019,"0",67,75,"0"
319,2,2025-01-08,18:15:00,1.3,-1.8,1222,Patchy heavy snow,//cdn.weatherapi.com/weather/64x64/night/335.png,10.1,2.8055555555555554,ENE,999,"0.18",93,50,"0"
320,4,2025-01-08,14:00:00,-1.7,-8.8,1003,Partly cloudy,//cdn.weatherapi.com/weather/64x64/day/116.png,31.3,8.694444444444445,WNW,1012,"0",32,25,"0.8"
321,1,2025-01-08,22:00:00,6.4,6.3,1003,Partly cloudy,//cdn.weatherapi.com/weather/64x64/night/116.png,3.6,1,WSW,1019,"0",87,25,"0"
322,3,2025-01-08,21:00:00,13.3,12.5,1003,Partly cloudy,//cdn.weatherapi.com/weather/64x64/night/116.png,10.8,3,SE,1019,"0",67,50,"0"
323,2,2025-01-08,20:00:00,1.4,-2.2,1183,Light rain,//cdn.weatherapi.com/weather/64x64/night/296.png,12.6,3.5,NE,999,"0.26",93,75,"0"
324,4,2025-01-08,15:00:00,-1.7,-8.8,1003,Partly cloudy,//cdn.weatherapi.com/weather/64x64/day/116.png,31,8.61111111111111,WNW,1011,"0",31,25,"0.4"
325,1,2025-01-08,23:45:00,4,3.8,1000,Clear,//cdn.weatherapi.com/weather/64x64/night/113.png,3.6,1,WSW,1021,"0",88,17,"0"
326,3,2025-01-08,21:15:00,14.4,13.8,1003,Partly cloudy,//cdn.weatherapi.com/weather/64x64/night/116.png,10.8,3,SE,1019,"0",63,75,"0"
327,2,2025-01-08,21:00:00,1.2,-2.3,1204,Light sleet,//cdn.weatherapi.com/weather/64x64/night/317.png,11.9,3.3055555555555554,NNE,999,"0.13",93,50,"0"
328,4,2025-01-08,15:15:00,-1.7,-8.8,1000,Sunny,//cdn.weatherapi.com/weather/64x64/day/113.png,31,8.61111111111111,WNW,1010,"0",32,"0","0.4"
329,1,2025-01-08,23:15:00,3.3,2.8,1000,Clear,//cdn.weatherapi.com/weather/64x64/night/113.png,3.6,1,WSW,1019,"0",93,"0","0"
330,3,2025-01-08,23:00:00,14.4,13.5,1003,Partly cloudy,//cdn.weatherapi.com/weather/64x64/night/116.png,13,3.611111111111111,SE,1019,"0",63,75,"0"
331,2,2025-01-08,21:15:00,1.1,-2.4,1003,Partly cloudy,//cdn.weatherapi.com/weather/64x64/night/116.png,11.9,3.3055555555555554,NNE,999,"0.13",93,75,"0"
332,4,2025-01-08,17:00:00,-2.8,-10.2,1003,Partly cloudy,//cdn.weatherapi.com/weather/64x64/night/116.png,30.2,8.38888888888889,WNW,1011,"0",35,25,"0"
333,1,2025-01-09,"01:00:00",1,"0.3",1000,Clear,//cdn.weatherapi.com/weather/64x64/night/113.png,3.6,1,SW,1019,"0",93,"0","0"
334,3,2025-01-09,"00:00:00",13.3,12.1,1003,Partly cloudy,//cdn.weatherapi.com/weather/64x64/night/116.png,13.7,3.8055555555555554,SE,1019,"0",72,50,"0"
335,2,2025-01-08,23:00:00,1.3,-2.3,1009,Overcast,//cdn.weatherapi.com/weather/64x64/night/122.png,12.2,3.3888888888888884,NE,999,"0",93,100,"0"
336,4,2025-01-08,18:00:00,-3.3,-10.9,1000,Clear,//cdn.weatherapi.com/weather/64x64/night/113.png,30.6,8.5,WNW,1011,"0",36,"0","0"
337,1,2025-01-09,"01:15:00",1.4,"0.7",1000,Clear,//cdn.weatherapi.com/weather/64x64/night/113.png,3.6,1,SW,1019,"0",93,"0","0"
338,3,2025-01-09,"01:00:00",13.3,12.1,1003,Partly cloudy,//cdn.weatherapi.com/weather/64x64/night/116.png,13.7,3.8055555555555554,SE,1018,"0",77,50,"0"
339,2,2025-01-08,23:15:00,1.1,-2.5,1003,Partly cloudy,//cdn.weatherapi.com/weather/64x64/night/116.png,12.2,3.3888888888888884,NE,1000,"0",93,75,"0"
340,4,2025-01-08,18:15:00,-4.4,-12.3,1000,Clear,//cdn.weatherapi.com/weather/64x64/night/113.png,30.6,8.5,WNW,1011,"0",38,"0","0"
341,1,2025-01-09,"03:00:00",2.9,2.6,1000,Clear,//cdn.weatherapi.com/weather/64x64/night/113.png,3.6,1,WSW,1021,"0",90,11,"0"
342,3,2025-01-09,"02:00:00",13.2,12,1000,Clear,//cdn.weatherapi.com/weather/64x64/night/113.png,13.7,3.8055555555555554,SE,1017,"0",77,"0","0"
343,2,2025-01-09,"01:00:00",1.1,-2.4,1009,Overcast,//cdn.weatherapi.com/weather/64x64/night/122.png,11.5,3.194444444444444,NNE,1000,"0",93,100,"0"
344,4,2025-01-08,20:00:00,-4.8,-12.6,1003,Partly cloudy,//cdn.weatherapi.com/weather/64x64/night/116.png,29.2,8.11111111111111,WNW,1011,"0",41,50,"0"
345,1,2025-01-09,"04:00:00",1.2,"0.5",1000,Clear,//cdn.weatherapi.com/weather/64x64/night/113.png,3.6,1,SSW,1019,"0",93,"0","0"
346,3,2025-01-09,"03:45:00",10.4,8.7,1000,Clear,//cdn.weatherapi.com/weather/64x64/night/113.png,13.3,3.6944444444444446,SE,1017,"0",82,17,"0"
347,2,2025-01-09,"01:15:00",1.4,-2,1003,Partly cloudy,//cdn.weatherapi.com/weather/64x64/night/116.png,11.5,3.194444444444444,NNE,999,"0",93,75,"0"
348,4,2025-01-08,21:00:00,-4.8,-12.6,1003,Partly cloudy,//cdn.weatherapi.com/weather/64x64/night/116.png,29.2,8.11111111111111,WNW,1011,"0",43,50,"0"
349,1,2025-01-09,"04:15:00","0.3",-0.5,1000,Clear,//cdn.weatherapi.com/weather/64x64/night/113.png,3.6,1,SSW,1019,"0",93,"0","0"
350,3,2025-01-09,"04:00:00",13.2,11.9,1000,Clear,//cdn.weatherapi.com/weather/64x64/night/113.png,15.1,4.194444444444445,SE,1017,"0",77,"0","0"
351,2,2025-01-09,"02:45:00",1.2,-2.2,1183,Light rain,//cdn.weatherapi.com/weather/64x64/night/296.png,11.2,3.1111111111111107,NNE,1000,"0",93,100,"0"
352,4,2025-01-08,22:00:00,-4.7,-12.6,1003,Partly cloudy,//cdn.weatherapi.com/weather/64x64/night/116.png,29.5,8.194444444444445,WNW,1010,"0",45,75,"0"
353,1,2025-01-09,"06:45:00",2.3,2.3,1000,Clear,//cdn.weatherapi.com/weather/64x64/night/113.png,3.6,1,WSW,1020,"0",90,10,"0"
354,3,2025-01-09,"04:45:00",13.2,11.9,1000,Clear,//cdn.weatherapi.com/weather/64x64/night/113.png,15.1,4.194444444444445,SE,1016,"0",77,"0","0"
355,2,2025-01-09,"03:45:00",1.1,-2.4,1009,Overcast,//cdn.weatherapi.com/weather/64x64/night/122.png,11.9,3.3055555555555554,N,1000,"0",93,100,"0"
356,4,2025-01-08,23:00:00,-4.6,-12.4,1003,Partly cloudy,//cdn.weatherapi.com/weather/64x64/night/116.png,29.2,8.11111111111111,WNW,1010,"0",45,75,"0"
357,1,2025-01-09,"07:00:00",-1.8,-2.8,1147,Freezing fog,//cdn.weatherapi.com/weather/64x64/night/260.png,3.6,1,SW,1018,"0",100,"0","0"
358,3,2025-01-09,"06:00:00",13.3,11.9,1000,Clear,//cdn.weatherapi.com/weather/64x64/night/113.png,15.5,4.305555555555555,SE,1016,"0",77,"0","0"
359,2,2025-01-09,"05:00:00",1.2,-2.5,1003,Partly cloudy,//cdn.weatherapi.com/weather/64x64/night/116.png,12.6,3.5,N,1001,"0.01",93,75,"0"
360,4,2025-01-08,23:15:00,-4.8,-12.6,1000,Clear,//cdn.weatherapi.com/weather/64x64/night/113.png,29.2,8.11111111111111,WNW,1009,"0",43,"0","0"
361,1,2025-01-09,"07:45:00",-2,-3.1,1147,Freezing fog,//cdn.weatherapi.com/weather/64x64/night/260.png,3.6,1,WSW,1019,"0",100,"0","0"
362,3,2025-01-09,"07:00:00",13.1,11.6,1000,Clear,//cdn.weatherapi.com/weather/64x64/night/113.png,16.9,4.694444444444444,SE,1015,"0",77,"0","0"
363,2,2025-01-09,"06:00:00",1.1,-2.7,1003,Partly cloudy,//cdn.weatherapi.com/weather/64x64/night/116.png,13,3.611111111111111,N,1002,"0",93,75,"0"
364,4,2025-01-09,"01:00:00",-4.8,-12.8,1003,Partly cloudy,//cdn.weatherapi.com/weather/64x64/night/116.png,30.6,8.5,WNW,1009,"0",45,25,"0"
365,1,2025-01-09,"09:00:00",-1.7,-2.7,1147,Freezing fog,//cdn.weatherapi.com/weather/64x64/day/260.png,3.6,1,SSW,1019,"0",100,"0","0.3"
366,3,2025-01-09,"07:45:00",13.3,11.8,1003,Partly cloudy,//cdn.weatherapi.com/weather/64x64/day/116.png,16.9,4.694444444444444,SE,1015,"0",77,25,"0"
367,2,2025-01-09,"06:15:00",1.3,-2.4,1009,Overcast,//cdn.weatherapi.com/weather/64x64/night/122.png,13,3.611111111111111,N,1003,"0",93,100,"0"
368,4,2025-01-09,"02:00:00",-5.6,-13.9,1003,Partly cloudy,//cdn.weatherapi.com/weather/64x64/night/116.png,31,8.61111111111111,WNW,1008,"0",47,25,"0"
369,1,2025-01-09,"09:15:00",2,1.4,1030,Mist,//cdn.weatherapi.com/weather/64x64/day/143.png,3.6,1,SSW,1019,"0",93,"0","0.3"
370,3,2025-01-09,"09:00:00",11.1,8.6,1003,Partly cloudy,//cdn.weatherapi.com/weather/64x64/day/116.png,22,6.111111111111111,SSE,1016,"0.03",82,75,"0.3"
371,2,2025-01-09,"08:00:00","0.3",-3.3,1030,Mist,//cdn.weatherapi.com/weather/64x64/day/143.png,11.5,3.194444444444444,NNW,1004,"0",93,"0","0"
372,4,2025-01-09,"03:00:00",-4.9,-13.1,1009,Overcast,//cdn.weatherapi.com/weather/64x64/night/122.png,31.7,8.805555555555555,WNW,1008,"0",45,100,"0"
373,1,2025-01-09,11:00:00,6.3,6.2,1000,Sunny,//cdn.weatherapi.com/weather/64x64/day/113.png,3.6,1,W,1019,"0",81,"0",1.3
374,3,2025-01-09,10:00:00,13.3,11.5,1003,Partly cloudy,//cdn.weatherapi.com/weather/64x64/day/116.png,20.9,5.805555555555555,SSE,1015,"0.05",77,50,"0.4"
375,2,2025-01-09,"09:00:00",-1,-4.5,1030,Mist,//cdn.weatherapi.com/weather/64x64/day/143.png,10.1,2.8055555555555554,NW,1005,"0",93,"0","0.1"
376,4,2025-01-09,"04:00:00",-4.4,-12.5,1009,Overcast,//cdn.weatherapi.com/weather/64x64/night/122.png,32.8,9.11111111111111,WNW,1007,"0",43,100,"0"
377,1,2025-01-09,11:15:00,9,9.1,1000,Sunny,//cdn.weatherapi.com/weather/64x64/day/113.png,3.6,1,W,1018,"0",76,"0",1.3
378,3,2025-01-09,11:00:00,15.1,15.1,1003,Partly cloudy,//cdn.weatherapi.com/weather/64x64/day/116.png,22.3,6.194444444444445,SSE,1015,"0.02",77,75,"0.5"
379,2,2025-01-09,10:00:00,"0",-3.8,1003,Partly cloudy,//cdn.weatherapi.com/weather/64x64/day/116.png,11.9,3.3055555555555554,WNW,1006,"0",93,25,"0.3"
380,4,2025-01-09,"04:15:00",-4.4,-12.5,1009,Overcast,//cdn.weatherapi.com/weather/64x64/night/122.png,32.8,9.11111111111111,WNW,1007,"0",43,100,"0"
381,1,2025-01-09,13:00:00,11,11.4,1000,Sunny,//cdn.weatherapi.com/weather/64x64/day/113.png,3.6,1,WSW,1018,"0",66,"0",1.5
382,3,2025-01-09,11:15:00,16.1,16.1,1003,Partly cloudy,//cdn.weatherapi.com/weather/64x64/day/116.png,22.3,6.194444444444445,SSE,1015,"0.02",77,50,"0.5"
383,2,2025-01-09,11:00:00,1.4,-2.5,1003,Partly cloudy,//cdn.weatherapi.com/weather/64x64/day/116.png,13.7,3.8055555555555554,WNW,1008,"0",86,25,"0.5"
384,4,2025-01-09,"06:00:00",-4.7,-13.1,1000,Clear,//cdn.weatherapi.com/weather/64x64/night/113.png,33.8,9.388888888888888,WNW,1006,"0",45,"0","0"
385,1,2025-01-09,14:00:00,12.3,12.8,1000,Sunny,//cdn.weatherapi.com/weather/64x64/day/113.png,3.6,1,WSW,1016,"0",62,"0",1.2
386,3,2025-01-09,13:45:00,15.4,15.4,1063,Patchy rain nearby,//cdn.weatherapi.com/weather/64x64/day/176.png,22.7,6.305555555555555,SSE,1014,"0.04",77,59,1
387,2,2025-01-09,12:00:00,2.2,-1.6,1000,Sunny,//cdn.weatherapi.com/weather/64x64/day/113.png,14.4,4,WNW,1009,"0",69,"0","0.6"
388,4,2025-01-09,"07:00:00",-4.8,-13.2,1000,Clear,//cdn.weatherapi.com/weather/64x64/night/113.png,34.2,9.5,WNW,1007,"0",48,"0","0"
389,1,2025-01-09,15:45:00,10.9,10.9,1000,Sunny,//cdn.weatherapi.com/weather/64x64/day/113.png,3.6,1,WSW,1016,"0",66,"0","0.7"
390,3,2025-01-09,14:00:00,16.2,16.2,1003,Partly cloudy,//cdn.weatherapi.com/weather/64x64/day/116.png,19.4,5.388888888888888,SSE,1014,"0.24",77,75,"0.7"
391,2,2025-01-09,12:15:00,3.3,-0.3,1003,Partly cloudy,//cdn.weatherapi.com/weather/64x64/day/116.png,14.4,4,WNW,1009,"0",70,25,"0.6"
392,4,2025-01-09,"08:00:00",-4.9,-13.2,1000,Sunny,//cdn.weatherapi.com/weather/64x64/day/113.png,33.1,9.194444444444445,WNW,1007,"0",48,"0","0.1"
393,1,2025-01-09,16:45:00,9.1,9.1,1000,Sunny,//cdn.weatherapi.com/weather/64x64/day/113.png,3.6,1,NW,1016,"0",73,"0","0.2"
394,3,2025-01-09,15:00:00,16.4,16.4,1003,Partly cloudy,//cdn.weatherapi.com/weather/64x64/day/116.png,15.8,4.388888888888889,S,1014,"0.2",77,75,"0.4"
395,2,2025-01-09,13:15:00,4,"0.6",1003,Partly cloudy,//cdn.weatherapi.com/weather/64x64/day/116.png,14.4,4,W,1010,"0",56,25,"0.5"
396,4,2025-01-09,"09:00:00",-4.7,-13,1003,Partly cloudy,//cdn.weatherapi.com/weather/64x64/day/116.png,33.1,9.194444444444445,NW,1008,"0",48,25,"0.4"
397,1,2025-01-09,17:00:00,13.2,13.8,1000,Sunny,//cdn.weatherapi.com/weather/64x64/day/113.png,3.6,1,NW,1015,"0",62,"0","0"
398,3,2025-01-09,15:15:00,16.2,16.2,1003,Partly cloudy,//cdn.weatherapi.com/weather/64x64/day/116.png,15.8,4.388888888888889,S,1013,"0.2",77,75,"0.4"
399,2,2025-01-09,15:00:00,4.1,"0.5",1003,Partly cloudy,//cdn.weatherapi.com/weather/64x64/day/116.png,15.8,4.388888888888889,W,1010,"0",60,50,"0.1"
400,4,2025-01-09,10:00:00,-4.4,-12.7,1000,Sunny,//cdn.weatherapi.com/weather/64x64/day/113.png,33.8,9.388888888888888,NW,1008,"0",45,"0","0.9"
401,1,2025-01-09,17:45:00,9.3,9.5,1000,Clear,//cdn.weatherapi.com/weather/64x64/night/113.png,3.6,1,NW,1015,"0",71,"0","0"
402,3,2025-01-09,17:00:00,16,16,1003,Partly cloudy,//cdn.weatherapi.com/weather/64x64/night/116.png,10.1,2.8055555555555554,SSE,1014,"0.05",77,50,"0"
403,2,2025-01-09,16:00:00,4,"0.3",1003,Partly cloudy,//cdn.weatherapi.com/weather/64x64/day/116.png,16.2,4.5,W,1011,"0",65,25,"0"
404,4,2025-01-09,11:00:00,-3.3,-11.2,1000,Sunny,//cdn.weatherapi.com/weather/64x64/day/113.png,34.2,9.5,NW,1008,"0",44,"0",1.3
405,1,2025-01-09,19:00:00,7.1,7,1000,Clear,//cdn.weatherapi.com/weather/64x64/night/113.png,3.6,1,S,1015,"0",81,"0","0"
406,3,2025-01-09,17:15:00,16.1,16.1,1003,Partly cloudy,//cdn.weatherapi.com/weather/64x64/night/116.png,11.5,3.194444444444444,SSE,1013,"0.03",72,75,"0"
407,2,2025-01-09,16:15:00,3.1,-0.6,1003,Partly cloudy,//cdn.weatherapi.com/weather/64x64/night/116.png,15.1,4.194444444444445,W,1012,"0",70,25,"0"
408,4,2025-01-09,12:00:00,-2.2,-9.9,1000,Sunny,//cdn.weatherapi.com/weather/64x64/day/113.png,35.3,9.805555555555555,NW,1008,"0",42,"0",1.4
409,1,2025-01-09,20:00:00,5.2,4.9,1000,Clear,//cdn.weatherapi.com/weather/64x64/night/113.png,3.6,1,SSW,1015,"0",81,"0","0"
410,3,2025-01-09,18:15:00,13.1,12.2,1003,Partly cloudy,//cdn.weatherapi.com/weather/64x64/night/116.png,11.2,3.1111111111111107,SE,1014,"0.02",82,50,"0"
411,2,2025-01-09,17:15:00,2.2,-1.7,1000,Clear,//cdn.weatherapi.com/weather/64x64/night/113.png,14.8,4.111111111111112,W,1013,"0",80,"0","0"
412,4,2025-01-09,13:00:00,-1.7,-9.2,1000,Sunny,//cdn.weatherapi.com/weather/64x64/day/113.png,35.3,9.805555555555555,NW,1007,"0",42,"0",1.2
413,1,2025-01-09,21:00:00,5.4,5.2,1000,Clear,//cdn.weatherapi.com/weather/64x64/night/113.png,3.6,1,SSW,1015,"0",81,"0","0"
414,3,2025-01-09,19:45:00,12.2,11.3,1003,Partly cloudy,//cdn.weatherapi.com/weather/64x64/night/116.png,10.1,2.8055555555555554,SE,1014,"0.01",82,50,"0"
415,2,2025-01-09,19:00:00,1.3,-2.3,1000,Clear,//cdn.weatherapi.com/weather/64x64/night/113.png,12.2,3.3888888888888884,W,1014,"0",86,"0","0"
416,4,2025-01-09,14:00:00,-0.6,-7.9,1000,Sunny,//cdn.weatherapi.com/weather/64x64/day/113.png,36.4,10.11111111111111,NW,1007,"0",41,"0","0.8"
417,1,2025-01-09,21:15:00,4.1,3.7,1000,Clear,//cdn.weatherapi.com/weather/64x64/night/113.png,3.6,1,SSW,1015,"0",87,"0","0"
418,3,2025-01-09,21:00:00,14.2,13.4,1003,Partly cloudy,//cdn.weatherapi.com/weather/64x64/night/116.png,11.9,3.3055555555555554,SE,1014,"0",77,50,"0"
419,2,2025-01-09,20:00:00,1.2,-2,1000,Clear,//cdn.weatherapi.com/weather/64x64/night/113.png,10.4,2.888888888888889,W,1015,"0",86,"0","0"
420,4,2025-01-09,15:00:00,"0.2",-6.9,1000,Sunny,//cdn.weatherapi.com/weather/64x64/day/113.png,37.4,10.388888888888888,NW,1006,"0",41,"0","0.4"
421,1,2025-01-09,23:00:00,3.1,2.6,1000,Clear,//cdn.weatherapi.com/weather/64x64/night/113.png,3.6,1,SSW,1015,"0",87,"0","0"
422,3,2025-01-09,22:00:00,14.3,13.4,1003,Partly cloudy,//cdn.weatherapi.com/weather/64x64/night/116.png,13,3.611111111111111,SSE,1014,"0.01",77,50,"0"
423,2,2025-01-09,20:15:00,"0.1",-3.3,1000,Clear,//cdn.weatherapi.com/weather/64x64/night/113.png,10.4,2.888888888888889,W,1015,"0",93,"0","0"
424,4,2025-01-09,15:15:00,"0.6",-6.4,1000,Sunny,//cdn.weatherapi.com/weather/64x64/day/113.png,37.4,10.388888888888888,NW,1008,"0",39,"0","0.4"
425,1,2025-01-10,"00:00:00",4.2,3.8,1003,Partly cloudy,//cdn.weatherapi.com/weather/64x64/night/116.png,3.6,1,SW,1014,"0",81,25,"0"
426,3,2025-01-09,22:15:00,14,13.1,1003,Partly cloudy,//cdn.weatherapi.com/weather/64x64/night/116.png,13,3.611111111111111,SSE,1014,"0.01",77,50,"0"
427,2,2025-01-09,22:00:00,-0.9,-4.1,1030,Mist,//cdn.weatherapi.com/weather/64x64/night/143.png,9,2.5,W,1016,"0",93,"0","0"
428,4,2025-01-09,17:00:00,"0",-7.2,1000,Clear,//cdn.weatherapi.com/weather/64x64/night/113.png,37.4,10.388888888888888,NW,1009,"0",43,"0","0"
429,1,2025-01-10,"01:00:00",2.1,1.5,1000,Clear,//cdn.weatherapi.com/weather/64x64/night/113.png,3.6,1,SW,1014,"0",87,"0","0"
430,3,2025-01-10,"00:00:00",14,13.1,1003,Partly cloudy,//cdn.weatherapi.com/weather/64x64/night/116.png,12.2,3.3888888888888884,S,1014,"0.13",77,25,"0"
431,2,2025-01-09,22:15:00,-0.6,-3.8,1030,Mist,//cdn.weatherapi.com/weather/64x64/night/143.png,9,2.5,W,1017,"0",93,"0","0"
432,4,2025-01-09,17:15:00,-1.1,-8.6,1000,Clear,//cdn.weatherapi.com/weather/64x64/night/113.png,37.4,10.388888888888888,NW,1009,"0",47,"0","0"
433,1,2025-01-10,"02:00:00",1.1,"0.4",1000,Clear,//cdn.weatherapi.com/weather/64x64/night/113.png,3.6,1,WSW,1014,"0",93,"0","0"
434,3,2025-01-10,"01:00:00",13.1,12.1,1003,Partly cloudy,//cdn.weatherapi.com/weather/64x64/night/116.png,11.9,3.3055555555555554,SSE,1014,"0.01",82,50,"0"
435,2,2025-01-10,"00:00:00",-0.7,-2.6,1000,Clear,//cdn.weatherapi.com/weather/64x64/night/113.png,5.4,1.5,W,1017,"0",93,"0","0"
436,4,2025-01-09,19:00:00,-1.7,-9.4,1000,Clear,//cdn.weatherapi.com/weather/64x64/night/113.png,37.4,10.388888888888888,NW,1010,"0",51,"0","0"
437,1,2025-01-10,"03:00:00",3.2,2.9,1003,Partly Cloudy,//cdn.weatherapi.com/weather/64x64/night/116.png,3.6,1,WSW,1016,"0",90,33,"0"
438,3,2025-01-10,"01:45:00",13.1,12.1,1003,Partly cloudy,//cdn.weatherapi.com/weather/64x64/night/116.png,11.9,3.3055555555555554,SSE,1014,"0.01",88,50,"0"
439,2,2025-01-10,"01:00:00",-1.7,-3.7,1000,Clear,//cdn.weatherapi.com/weather/64x64/night/113.png,5.4,1.5,W,1017,"0",93,"0","0"
440,4,2025-01-09,19:15:00,-1.7,-9.4,1000,Clear,//cdn.weatherapi.com/weather/64x64/night/113.png,37.4,10.388888888888888,NW,1010,"0",51,"0","0"
441,1,2025-01-10,"04:00:00",1,"0.3",1030,Mist,//cdn.weatherapi.com/weather/64x64/night/143.png,3.6,1,SW,1013,"0",93,"0","0"
442,3,2025-01-10,"03:00:00",14.1,13.3,1003,Partly cloudy,//cdn.weatherapi.com/weather/64x64/night/116.png,11.9,3.3055555555555554,SSE,1013,"0.08",82,25,"0"
443,2,2025-01-10,"01:15:00",-0.7,-2.6,1000,Clear,//cdn.weatherapi.com/weather/64x64/night/113.png,5.4,1.5,W,1018,"0",86,"0","0"
444,4,2025-01-09,20:15:00,-1.7,-9.4,1000,Clear,//cdn.weatherapi.com/weather/64x64/night/113.png,37.1,10.305555555555555,NW,1011,"0",53,"0","0"
445,1,2025-01-10,"05:00:00",1.4,"0.5",1030,Mist,//cdn.weatherapi.com/weather/64x64/night/143.png,4,1.1111111111111112,WSW,1013,"0",100,25,"0"
446,3,2025-01-10,"03:45:00",13.4,12.5,1003,Partly cloudy,//cdn.weatherapi.com/weather/64x64/night/116.png,11.9,3.3055555555555554,SSE,1013,"0.08",88,50,"0"
447,2,2025-01-10,"03:00:00",-3.6,-5.5,1000,Clear,//cdn.weatherapi.com/weather/64x64/night/113.png,4.7,1.3055555555555556,WSW,1018,"0",100,"0","0"
448,4,2025-01-09,22:00:00,-2.2,-9.9,1000,Clear,//cdn.weatherapi.com/weather/64x64/night/113.png,35.3,9.805555555555555,NW,1012,"0",55,"0","0"
449,1,2025-01-10,"06:00:00",1.3,"0.6",1009,Overcast,//cdn.weatherapi.com/weather/64x64/night/122.png,3.6,1,WSW,1013,"0",93,100,"0"
450,3,2025-01-10,"05:00:00",13.3,12,1003,Partly cloudy,//cdn.weatherapi.com/weather/64x64/night/116.png,15.1,4.194444444444445,SSW,1013,"0.15",88,50,"0"
451,2,2025-01-10,"04:00:00",-1.8,-2.8,1000,Clear,//cdn.weatherapi.com/weather/64x64/night/113.png,3.6,1,W,1018,"0",93,"0","0"
452,4,2025-01-09,23:00:00,-2.2,-9.8,1000,Clear,//cdn.weatherapi.com/weather/64x64/night/113.png,34.2,9.5,NW,1012,"0",55,"0","0"
453,1,2025-01-10,"07:00:00",1.3,"0.6",1183,Light rain,//cdn.weatherapi.com/weather/64x64/night/296.png,3.6,1,WSW,1013,"0",100,75,"0"
454,3,2025-01-10,"06:45:00",11.9,10.4,1063,Patchy rain nearby,//cdn.weatherapi.com/weather/64x64/night/176.png,13.3,3.6944444444444446,S,1013,"0.09",82,97,"0"
455,2,2025-01-10,"04:15:00",-2.9,-4.1,1000,Clear,//cdn.weatherapi.com/weather/64x64/night/113.png,3.6,1,W,1018,"0",93,"0","0"
456,4,2025-01-10,"00:00:00",-2.2,-9.7,1000,Clear,//cdn.weatherapi.com/weather/64x64/night/113.png,33.1,9.194444444444445,NW,1012,"0",52,"0","0"
457,1,2025-01-10,"07:45:00",2.1,1.5,1003,Partly cloudy,//cdn.weatherapi.com/weather/64x64/night/116.png,3.6,1,SSW,1013,"0",93,50,"0"
458,3,2025-01-10,"07:00:00",13,11.9,1003,Partly cloudy,//cdn.weatherapi.com/weather/64x64/night/116.png,12.2,3.3888888888888884,SSE,1012,"0.06",82,50,"0"
459,2,2025-01-10,"05:15:00",-1,-1.9,1000,Clear,//cdn.weatherapi.com/weather/64x64/night/113.png,3.6,1,W,1018,"0",93,"0","0"
460,4,2025-01-10,"01:00:00",-2.2,-9.5,1000,Clear,//cdn.weatherapi.com/weather/64x64/night/113.png,31,8.61111111111111,NW,1013,"0",55,"0","0"
461,1,2025-01-10,"08:45:00",2.3,1.7,1003,Partly cloudy,//cdn.weatherapi.com/weather/64x64/night/116.png,3.6,1,SW,1014,"0",93,75,"0"
462,3,2025-01-10,"08:30:00",13.2,12.3,1000,Sunny,//cdn.weatherapi.com/weather/64x64/day/113.png,11.5,3.194444444444444,SSE,1013,"0",82,"0","0"
463,2,2025-01-10,"07:30:00",-2,-3.1,1000,Clear,//cdn.weatherapi.com/weather/64x64/night/113.png,3.6,1,NE,1018,"0",93,"0","0"
464,4,2025-01-10,"02:30:00",-2.2,-9.4,1000,Clear,//cdn.weatherapi.com/weather/64x64/night/113.png,30.6,8.5,NW,1013,"0",55,"0","0"
465,1,2025-01-10,"09:45:00",5.2,4.9,1003,Partly cloudy,//cdn.weatherapi.com/weather/64x64/day/116.png,3.6,1,WSW,1013,"0",87,75,"0.2"
466,3,2025-01-10,10:00:00,13.5,12.4,1003,Partly Cloudy,//cdn.weatherapi.com/weather/64x64/day/116.png,13.7,3.8055555555555554,SE,1014,"0",75,48,"0.8"
467,2,2025-01-10,"07:45:00",-1.7,-2.7,1000,Clear,//cdn.weatherapi.com/weather/64x64/night/113.png,3.6,1,NE,1019,"0",93,"0","0"
468,4,2025-01-10,"02:45:00",-2.2,-9.4,1000,Clear,//cdn.weatherapi.com/weather/64x64/night/113.png,30.6,8.5,NW,1014,"0",55,"0","0"
469,1,2025-01-10,11:30:00,8.1,7.8,1003,Partly cloudy,//cdn.weatherapi.com/weather/64x64/day/116.png,4.3,1.1944444444444444,W,1013,"0",76,50,"0.8"
470,3,2025-01-10,10:30:00,14.1,13.1,1000,Sunny,//cdn.weatherapi.com/weather/64x64/day/113.png,13.7,3.8055555555555554,SE,1014,"0",82,"0","0.8"
471,2,2025-01-10,"09:15:00",-1.7,-2.7,1000,Sunny,//cdn.weatherapi.com/weather/64x64/day/113.png,3.6,1,ENE,1019,"0",93,"0","0.2"
472,4,2025-01-10,"04:30:00",-2.8,-10.2,1000,Clear,//cdn.weatherapi.com/weather/64x64/night/113.png,31,8.61111111111111,NW,1013,"0",58,"0","0"
473,1,2025-01-10,12:15:00,9.4,9.3,1003,Partly cloudy,//cdn.weatherapi.com/weather/64x64/day/116.png,4.3,1.1944444444444444,WSW,1013,"0",71,50,1.3
474,3,2025-01-10,11:30:00,15.2,15.2,1003,Partly cloudy,//cdn.weatherapi.com/weather/64x64/day/116.png,16.6,4.611111111111112,SE,1014,"0",77,25,1.3
475,2,2025-01-10,10:30:00,-1.8,-3.3,1000,Sunny,//cdn.weatherapi.com/weather/64x64/day/113.png,4.3,1.1944444444444444,ENE,1019,"0",93,"0","0.4"
476,4,2025-01-10,"05:30:00",-2.8,-10.1,1000,Clear,//cdn.weatherapi.com/weather/64x64/night/113.png,29.9,8.305555555555555,NW,1013,"0",55,"0","0"
477,1,2025-01-10,12:45:00,11.3,11.4,1003,Partly cloudy,//cdn.weatherapi.com/weather/64x64/day/116.png,4.3,1.1944444444444444,WSW,1012,"0",62,50,1.3
478,3,2025-01-10,12:15:00,16.2,16.2,1003,Partly cloudy,//cdn.weatherapi.com/weather/64x64/day/116.png,16.9,4.694444444444444,SSE,1014,"0",72,50,1.6
479,2,2025-01-10,11:30:00,-0.9,-2.5,1000,Sunny,//cdn.weatherapi.com/weather/64x64/day/113.png,4.7,1.3055555555555556,ENE,1019,"0",93,"0","0.5"
480,4,2025-01-10,"06:30:00",-2.8,-9.9,1000,Clear,//cdn.weatherapi.com/weather/64x64/night/113.png,28.4,7.888888888888888,NW,1015,"0",55,"0","0"
481,1,2025-01-10,14:15:00,12,11.7,1003,Partly cloudy,//cdn.weatherapi.com/weather/64x64/day/116.png,6.5,1.8055555555555556,W,1011,"0",62,75,1
482,3,2025-01-10,13:15:00,17.1,17.1,1003,Partly cloudy,//cdn.weatherapi.com/weather/64x64/day/116.png,14.8,4.111111111111112,S,1014,"0",68,75,1.4
483,2,2025-01-10,12:30:00,"0.1",-0.7,1000,Sunny,//cdn.weatherapi.com/weather/64x64/day/113.png,3.6,1,NE,1020,"0",93,"0","0.5"
484,4,2025-01-10,"07:30:00",-2.8,-10,1000,Sunny,//cdn.weatherapi.com/weather/64x64/day/113.png,28.8,8,NW,1014,"0",58,"0","0"
485,1,2025-01-10,14:45:00,12.1,11.8,1003,Partly cloudy,//cdn.weatherapi.com/weather/64x64/day/116.png,6.5,1.8055555555555556,W,1011,"0",62,75,1
486,3,2025-01-10,14:15:00,17.1,17.1,1003,Partly cloudy,//cdn.weatherapi.com/weather/64x64/day/116.png,12.6,3.5,S,1013,"0",68,50,1
487,2,2025-01-10,12:45:00,1.3,"0.6",1000,Sunny,//cdn.weatherapi.com/weather/64x64/day/113.png,3.6,1,NE,1020,"0",80,"0","0.5"
488,4,2025-01-10,"08:30:00",-2.7,-9.5,1003,Partly cloudy,//cdn.weatherapi.com/weather/64x64/day/116.png,25.9,7.194444444444444,NW,1016,"0",63,25,"0.2"
489,1,2025-01-10,16:15:00,12.3,12.6,1003,Partly cloudy,//cdn.weatherapi.com/weather/64x64/day/116.png,4.3,1.1944444444444444,W,1010,"0",67,75,"0.2"
490,3,2025-01-10,15:15:00,17.2,17.2,1003,Partly cloudy,//cdn.weatherapi.com/weather/64x64/day/116.png,11.2,3.1111111111111107,SSE,1014,"0",68,50,"0.5"
491,2,2025-01-10,14:30:00,1.2,-0.4,1000,Sunny,//cdn.weatherapi.com/weather/64x64/day/113.png,5.4,1.5,NNE,1020,"0",80,"0","0.3"
492,4,2025-01-10,"09:30:00",-1.7,-8.3,1000,Sunny,//cdn.weatherapi.com/weather/64x64/day/113.png,26.3,7.305555555555555,NW,1016,"0",56,"0","0.5"
493,1,2025-01-10,17:00:00,12.4,12.9,1003,Partly cloudy,//cdn.weatherapi.com/weather/64x64/night/116.png,3.6,1,W,1010,"0",62,75,"0"
494,3,2025-01-10,16:30:00,16.3,16.3,1000,Sunny,//cdn.weatherapi.com/weather/64x64/day/113.png,11.2,3.1111111111111107,SSE,1013,"0",63,"0","0.2"
495,2,2025-01-10,15:30:00,"0.1",-0.9,1000,Sunny,//cdn.weatherapi.com/weather/64x64/day/113.png,4,1.1111111111111112,NE,1020,"0.01",80,"0","0.1"
496,4,2025-01-10,10:30:00,-0.6,-6.3,1000,Sunny,//cdn.weatherapi.com/weather/64x64/day/113.png,22.3,6.194444444444445,NW,1016,"0",47,"0",1
497,1,2025-01-10,18:15:00,11.2,10.4,1009,Overcast,//cdn.weatherapi.com/weather/64x64/night/122.png,7.9,2.1944444444444446,WNW,1011,"0",66,100,"0"
498,3,2025-01-10,17:15:00,15.2,15.2,1000,Clear,//cdn.weatherapi.com/weather/64x64/night/113.png,10.1,2.8055555555555554,SE,1014,"0",67,"0","0"
499,2,2025-01-10,16:30:00,-0.8,-1.7,1000,Clear,//cdn.weatherapi.com/weather/64x64/night/113.png,3.6,1,E,1020,"0",86,"0","0"
500,4,2025-01-10,11:30:00,"0.6",-4.5,1000,Sunny,//cdn.weatherapi.com/weather/64x64/day/113.png,19.8,5.5,NW,1015,"0",43,"0",1.4
501,1,2025-01-10,19:15:00,5,1.8,1009,Overcast,//cdn.weatherapi.com/weather/64x64/night/122.png,14.4,4,WNW,1013,"0.01",75,100,"0"
502,3,2025-01-10,19:00:00,11.7,11.3,1000,Clear,//cdn.weatherapi.com/weather/64x64/night/113.png,6.8,1.8888888888888888,NE,1014,"0",77,8,"0"
503,2,2025-01-10,16:45:00,-1.9,-3.6,1030,Mist,//cdn.weatherapi.com/weather/64x64/night/143.png,4.7,1.3055555555555556,ENE,1021,"0",93,"0","0"
504,4,2025-01-10,12:30:00,1.7,-3.2,1000,Sunny,//cdn.weatherapi.com/weather/64x64/day/113.png,20.9,5.805555555555555,NW,1014,"0",40,"0",1.7
505,1,2025-01-10,20:15:00,3.2,-0.1,1003,Partly cloudy,//cdn.weatherapi.com/weather/64x64/night/116.png,13,3.611111111111111,NW,1014,"0",75,50,"0"
506,3,2025-01-10,19:30:00,12.4,12.1,1000,Clear,//cdn.weatherapi.com/weather/64x64/night/113.png,6.8,1.8888888888888888,NE,1015,"0",77,"0","0"
507,2,2025-01-10,18:30:00,-2.8,-5.1,1030,Mist,//cdn.weatherapi.com/weather/64x64/night/143.png,5.8,1.611111111111111,NE,1022,"0",86,25,"0"
508,4,2025-01-10,13:30:00,2.8,-1.6,1000,Sunny,//cdn.weatherapi.com/weather/64x64/day/113.png,19.1,5.305555555555556,NW,1013,"0",37,"0",1.5
509,1,2025-01-10,22:00:00,2.2,-0.9,1213,Light snow,//cdn.weatherapi.com/weather/64x64/night/326.png,11.2,3.1111111111111107,NW,1018,"0.02",84,100,"0"
510,3,2025-01-10,21:00:00,11.1,11.2,1000,Clear,//cdn.weatherapi.com/weather/64x64/night/113.png,4.3,1.1944444444444444,NNE,1015,"0",76,"0","0"
511,2,2025-01-10,19:30:00,-2.6,-5.1,1030,Mist,//cdn.weatherapi.com/weather/64x64/night/143.png,6.1,1.6944444444444442,NE,1022,"0",93,"0","0"
512,4,2025-01-10,14:30:00,2.8,-1.5,1000,Sunny,//cdn.weatherapi.com/weather/64x64/day/113.png,18.7,5.194444444444444,NW,1013,"0",37,"0",1
513,1,2025-01-10,22:15:00,2.3,-0.8,1009,Overcast,//cdn.weatherapi.com/weather/64x64/night/122.png,11.2,3.1111111111111107,NW,1015,"0.02",75,100,"0"
514,3,2025-01-10,21:30:00,11.1,11.2,1000,Clear,//cdn.weatherapi.com/weather/64x64/night/113.png,4.3,1.1944444444444444,NNE,1015,"0",76,"0","0"
515,2,2025-01-10,20:30:00,"0.3",-1.3,1000,Clear,//cdn.weatherapi.com/weather/64x64/night/113.png,5,1.3888888888888888,NE,1022,"0",80,"0","0"
516,4,2025-01-10,15:30:00,3.9,"0.2",1000,Sunny,//cdn.weatherapi.com/weather/64x64/day/113.png,16.2,4.5,WNW,1013,"0",35,"0","0.5"
517,1,2025-01-10,22:45:00,1.4,-1.9,1009,Overcast,//cdn.weatherapi.com/weather/64x64/night/122.png,11.2,3.1111111111111107,NW,1016,"0.02",80,100,"0"
518,3,2025-01-10,21:45:00,10.3,10.3,1000,Clear,//cdn.weatherapi.com/weather/64x64/night/113.png,4.3,1.1944444444444444,NNE,1015,"0",82,"0","0"
519,2,2025-01-10,21:30:00,"0.1",-1.1,1000,Clear,//cdn.weatherapi.com/weather/64x64/night/113.png,4.3,1.1944444444444444,NE,1023,"0",80,"0","0"
520,4,2025-01-10,15:45:00,3.3,-0.5,1000,Sunny,//cdn.weatherapi.com/weather/64x64/day/113.png,16.2,4.5,WNW,1013,"0",37,"0","0.5"
521,1,2025-01-11,"00:15:00",1.4,-1.7,1198,Light freezing rain,//cdn.weatherapi.com/weather/64x64/night/311.png,10.1,2.8055555555555554,NW,1016,"0.25",75,100,"0"
522,3,2025-01-10,22:45:00,10.4,10.7,1000,Clear,//cdn.weatherapi.com/weather/64x64/night/113.png,3.6,1,NNE,1015,"0",87,"0","0"
523,2,2025-01-10,21:45:00,"0.1",-1.1,1000,Clear,//cdn.weatherapi.com/weather/64x64/night/113.png,4.3,1.1944444444444444,NE,1023,"0",80,"0","0"
524,4,2025-01-10,18:15:00,1.4,-1.9,1000,Clear,//cdn.weatherapi.com/weather/64x64/night/113.png,11.9,3.3055555555555554,NW,1012,"0",60,14,"0"
525,1,2025-01-11,"00:45:00",1.2,-1.9,1225,Heavy snow,//cdn.weatherapi.com/weather/64x64/night/338.png,10.1,2.8055555555555554,NW,1016,"0.25",80,100,"0"
526,3,2025-01-11,"00:15:00",9.1,9.3,1000,Clear,//cdn.weatherapi.com/weather/64x64/night/113.png,3.6,1,WNW,1014,"0",87,"0","0"
527,2,2025-01-10,22:45:00,-0.8,-2.3,1000,Clear,//cdn.weatherapi.com/weather/64x64/night/113.png,4.7,1.3055555555555556,NE,1024,"0",86,"0","0"
528,4,2025-01-10,18:30:00,2.2,-1.1,1000,Clear,//cdn.weatherapi.com/weather/64x64/night/113.png,11.9,3.3055555555555554,NW,1012,"0",40,"0","0"
529,1,2025-01-11,"02:15:00","0.1",-3.4,1255,Light snow showers,//cdn.weatherapi.com/weather/64x64/night/368.png,10.8,3,NW,1016,"0.49",86,100,"0"
530,3,2025-01-11,"01:15:00",10.4,10.7,1003,Partly cloudy,//cdn.weatherapi.com/weather/64x64/night/116.png,3.6,1,NNW,1014,"0",82,25,"0"
531,2,2025-01-10,23:45:00,-2.8,-4.2,1000,Clear,//cdn.weatherapi.com/weather/64x64/night/113.png,4,1.1111111111111112,NE,1024,"0",86,"0","0"
532,4,2025-01-10,19:30:00,2.2,-0.6,1000,Clear,//cdn.weatherapi.com/weather/64x64/night/113.png,9.7,2.694444444444444,WNW,1011,"0",42,"0","0"
533,1,2025-01-11,"03:30:00","0.5",-1.5,1225,Heavy snow,//cdn.weatherapi.com/weather/64x64/night/338.png,6.1,1.6944444444444442,WNW,1019,"0.48",94,100,"0"
534,3,2025-01-11,"02:15:00",10,10.3,1003,Partly cloudy,//cdn.weatherapi.com/weather/64x64/night/116.png,3.6,1,NNE,1014,"0",76,75,"0"
535,2,2025-01-11,"00:45:00",-3,-4.2,1000,Clear,//cdn.weatherapi.com/weather/64x64/night/113.png,3.6,1,NNE,1025,"0",86,"0","0"
536,4,2025-01-10,19:45:00,2.2,-0.6,1000,Clear,//cdn.weatherapi.com/weather/64x64/night/113.png,9.7,2.694444444444444,WNW,1010,"0",42,"0","0"
537,1,2025-01-11,"03:45:00","0.5",-1.5,1225,Heavy snow,//cdn.weatherapi.com/weather/64x64/night/338.png,6.1,1.6944444444444442,WNW,1019,"0.48",94,100,"0"
538,3,2025-01-11,"03:15:00",11,11.4,1003,Partly cloudy,//cdn.weatherapi.com/weather/64x64/night/116.png,3.6,1,NNE,1014,"0",82,75,"0"
539,2,2025-01-11,"02:15:00",-1.7,-3.2,1000,Clear,//cdn.weatherapi.com/weather/64x64/night/113.png,4.3,1.1944444444444444,NNE,1025,"0",93,"0","0"
540,4,2025-01-10,20:45:00,1.7,-1,1000,Clear,//cdn.weatherapi.com/weather/64x64/night/113.png,9,2.5,WNW,1010,"0",43,"0","0"
541,1,2025-01-11,"05:15:00","0.4",-1.7,1225,Heavy snow,//cdn.weatherapi.com/weather/64x64/night/338.png,6.1,1.6944444444444442,WNW,1018,1.61,96,100,"0"
542,3,2025-01-11,"04:15:00",10.2,10.5,1009,Overcast,//cdn.weatherapi.com/weather/64x64/night/122.png,3.6,1,NW,1013,"0",87,100,"0"
543,2,2025-01-11,"04:00:00",-2.8,-4.6,1000,Clear,//cdn.weatherapi.com/weather/64x64/night/113.png,4.7,1.3055555555555556,NNE,1026,"0",93,"0","0"
544,4,2025-01-10,22:30:00,1.7,-0.8,1003,Partly cloudy,//cdn.weatherapi.com/weather/64x64/night/116.png,8.3,2.305555555555556,W,1009,"0",43,75,"0"
545,1,2025-01-11,"06:15:00","0.3",-1.5,1225,Heavy snow,//cdn.weatherapi.com/weather/64x64/night/338.png,5.4,1.5,WNW,1018,1.67,98,100,"0"
546,3,2025-01-11,"05:30:00",11.1,11.5,1003,Partly cloudy,//cdn.weatherapi.com/weather/64x64/night/116.png,3.6,1,E,1013,"0",87,75,"0"
547,2,2025-01-11,"04:30:00",-1.7,-3.4,1000,Clear,//cdn.weatherapi.com/weather/64x64/night/113.png,4.7,1.3055555555555556,NNE,1026,"0",93,"0","0"
548,4,2025-01-11,"00:15:00",-1.2,-2.3,1009,Overcast,//cdn.weatherapi.com/weather/64x64/night/122.png,7.2,2,W,1008,"0",75,100,"0"
549,1,2025-01-11,"07:30:00","0.2",-1.4,1225,Heavy snow,//cdn.weatherapi.com/weather/64x64/night/338.png,5,1.3888888888888888,NW,1018,"0.95",98,100,"0"
550,3,2025-01-11,"06:30:00",10.3,10.4,1003,Partly cloudy,//cdn.weatherapi.com/weather/64x64/night/116.png,4,1.1111111111111112,E,1013,"0",87,75,"0"
551,2,2025-01-11,"04:45:00",-2.9,-4.7,1000,Clear,//cdn.weatherapi.com/weather/64x64/night/113.png,4.7,1.3055555555555556,NNE,1026,"0",93,"0","0"
552,4,2025-01-11,"00:30:00",1.7,-0.5,1009,Overcast,//cdn.weatherapi.com/weather/64x64/night/122.png,7.2,2,W,1007,"0",43,100,"0"
553,1,2025-01-11,"08:15:00",-0.3,-2.2,1225,Heavy snow,//cdn.weatherapi.com/weather/64x64/day/338.png,5.8,1.611111111111111,NNW,1019,"0.98",97,100,"0"
554,3,2025-01-11,"07:30:00",10.1,9.9,1003,Partly cloudy,//cdn.weatherapi.com/weather/64x64/night/116.png,5,1.3888888888888888,E,1013,"0",82,75,"0"
555,2,2025-01-11,"06:30:00",-1.8,-3.8,1000,Clear,//cdn.weatherapi.com/weather/64x64/night/113.png,5.4,1.5,N,1027,"0",93,"0","0"
556,4,2025-01-11,"01:30:00",1.1,-0.8,1009,Overcast,//cdn.weatherapi.com/weather/64x64/night/122.png,6.1,1.6944444444444442,WNW,1007,"0",45,100,"0"
557,1,2025-01-11,"08:45:00",-0.3,-2.2,1225,Heavy snow,//cdn.weatherapi.com/weather/64x64/day/338.png,5.8,1.611111111111111,NNW,1019,"0.98",97,100,"0"
558,3,2025-01-11,"08:15:00",9.3,9.2,1000,Sunny,//cdn.weatherapi.com/weather/64x64/day/113.png,4.3,1.1944444444444444,ESE,1013,"0",93,"0","0"
559,2,2025-01-11,"06:45:00",-2.6,-4.7,1000,Clear,//cdn.weatherapi.com/weather/64x64/night/113.png,5.4,1.5,N,1028,"0",93,"0","0"
560,4,2025-01-11,"01:45:00",1.1,-0.8,1009,Overcast,//cdn.weatherapi.com/weather/64x64/night/122.png,6.1,1.6944444444444442,WNW,1006,"0",47,100,"0"
561,1,2025-01-11,11:00:00,"0",-0.6,1225,Heavy snow,//cdn.weatherapi.com/weather/64x64/day/338.png,3.6,1,NNW,1020,"0.82",97,100,"0.5"
562,3,2025-01-11,"09:00:00",10.1,10.2,1000,Sunny,//cdn.weatherapi.com/weather/64x64/day/113.png,4,1.1111111111111112,SE,1013,"0",94,"0","0.3"
563,2,2025-01-11,"08:30:00",-2.6,-4,1030,Mist,//cdn.weatherapi.com/weather/64x64/day/143.png,4,1.1111111111111112,N,1028,"0",93,"0","0"
564,4,2025-01-11,"03:15:00",1.1,-0.5,1009,Overcast,//cdn.weatherapi.com/weather/64x64/night/122.png,5.4,1.5,WSW,1004,"0",47,100,"0"
565,1,2025-01-11,11:15:00,-0.7,-1.6,1219,Moderate snow,//cdn.weatherapi.com/weather/64x64/day/332.png,3.6,1,NNW,1017,"0.82",93,100,"0.5"
566,3,2025-01-11,10:30:00,11.4,11.4,1000,Sunny,//cdn.weatherapi.com/weather/64x64/day/113.png,4.7,1.3055555555555556,SE,1014,"0",94,"0","0.7"
567,2,2025-01-11,"09:30:00",-2.8,-4.2,1000,Sunny,//cdn.weatherapi.com/weather/64x64/day/113.png,4,1.1111111111111112,NNE,1029,"0",86,"0","0.2"
568,4,2025-01-11,"04:30:00",-1.1,-4.3,1213,Light snow,//cdn.weatherapi.com/weather/64x64/night/326.png,9,2.5,SW,1003,"0",69,100,"0"
569,1,2025-01-11,12:30:00,"0.4",-1.5,1213,Light snow,//cdn.weatherapi.com/weather/64x64/day/326.png,5.8,1.611111111111111,WNW,1017,1.05,93,100,"0.6"
570,3,2025-01-11,11:15:00,12.1,10.9,1000,Sunny,//cdn.weatherapi.com/weather/64x64/day/113.png,11.5,3.194444444444444,SE,1014,"0",94,"0",1.1
571,2,2025-01-11,10:30:00,-1.9,-2.9,1030,Mist,//cdn.weatherapi.com/weather/64x64/day/143.png,3.6,1,N,1030,"0",93,"0","0.4"
572,4,2025-01-11,"05:30:00",-2.2,-5.3,1213,Light snow,//cdn.weatherapi.com/weather/64x64/night/326.png,7.9,2.1944444444444446,WSW,1002,"0",81,100,"0"
573,1,2025-01-11,13:15:00,"0.4",-0.4,1219,Moderate snow,//cdn.weatherapi.com/weather/64x64/day/332.png,3.6,1,WNW,1016,"0.62",93,100,"0.6"
574,3,2025-01-11,12:15:00,13.2,12.2,1003,Partly cloudy,//cdn.weatherapi.com/weather/64x64/day/116.png,12.2,3.3888888888888884,SE,1013,"0.01",82,50,1.1
575,2,2025-01-11,10:45:00,"0.4",-0.4,1003,Partly cloudy,//cdn.weatherapi.com/weather/64x64/day/116.png,3.6,1,N,1030,"0",100,25,"0.4"
576,4,2025-01-11,"06:30:00",-2.2,-5.7,1213,Light snow,//cdn.weatherapi.com/weather/64x64/night/326.png,9,2.5,WSW,1001,"0",81,100,"0"
577,1,2025-01-11,13:45:00,"0.4",-0.4,1213,Light snow,//cdn.weatherapi.com/weather/64x64/day/326.png,3.6,1,WNW,1016,"0.62",93,100,"0.6"
578,3,2025-01-11,12:45:00,13.3,12.3,1003,Partly cloudy,//cdn.weatherapi.com/weather/64x64/day/116.png,12.2,3.3888888888888884,SE,1012,"0.01",88,50,1.1
579,2,2025-01-11,12:30:00,3.4,2.4,1003,Partly cloudy,//cdn.weatherapi.com/weather/64x64/day/116.png,4.7,1.3055555555555556,NW,1030,"0",93,25,"0.7"
580,4,2025-01-11,"07:30:00",-2.2,-5,1009,Overcast,//cdn.weatherapi.com/weather/64x64/day/122.png,7.2,2,W,1001,"0",81,100,"0"
581,1,2025-01-11,14:30:00,"0",-1.9,1009,Overcast,//cdn.weatherapi.com/weather/64x64/day/122.png,5.8,1.611111111111111,WNW,1016,"0.7",93,100,"0.4"
582,3,2025-01-11,14:00:00,14.2,13.4,1003,Partly cloudy,//cdn.weatherapi.com/weather/64x64/day/116.png,11.9,3.3055555555555554,SE,1012,"0.05",82,50,"0.5"
583,2,2025-01-11,13:30:00,4,3.6,1000,Sunny,//cdn.weatherapi.com/weather/64x64/day/113.png,3.6,1,NNW,1031,"0",81,"0","0.6"
584,4,2025-01-11,"07:45:00",-1.7,-4.5,1009,Overcast,//cdn.weatherapi.com/weather/64x64/day/122.png,7.2,2,W,1001,"0",78,100,"0"
585,1,2025-01-11,16:15:00,"0.1",-1.3,1009,Overcast,//cdn.weatherapi.com/weather/64x64/day/122.png,4.7,1.3055555555555556,WNW,1016,"0.56",86,100,"0.1"
586,3,2025-01-11,15:15:00,14.2,13.6,1003,Partly cloudy,//cdn.weatherapi.com/weather/64x64/day/116.png,10.1,2.8055555555555554,SE,1011,"0.25",82,75,"0.3"
587,2,2025-01-11,14:15:00,5.3,5,1003,Partly cloudy,//cdn.weatherapi.com/weather/64x64/day/116.png,3.6,1,NW,1031,"0",81,25,"0.4"
588,4,2025-01-11,"09:30:00",-1.7,-3.9,1009,Overcast,//cdn.weatherapi.com/weather/64x64/day/122.png,5.8,1.611111111111111,W,1000,"0",78,100,"0.4"
589,1,2025-01-11,17:15:00,"0.2",-0.6,1009,Overcast,//cdn.weatherapi.com/weather/64x64/night/122.png,3.6,1,WNW,1016,"0.09",93,100,"0"
590,3,2025-01-11,16:30:00,13.3,13.5,1189,Moderate rain,//cdn.weatherapi.com/weather/64x64/day/302.png,5,1.3888888888888888,SE,1011,1.14,88,75,"0.1"
591,2,2025-01-11,15:30:00,4.2,3.8,1000,Sunny,//cdn.weatherapi.com/weather/64x64/day/113.png,3.6,1,NW,1032,"0",75,"0","0.2"
592,4,2025-01-11,10:30:00,-1.1,-3.5,1009,Overcast,//cdn.weatherapi.com/weather/64x64/day/122.png,6.5,1.8055555555555556,NW,1000,"0",75,100,"0.8"
593,1,2025-01-11,17:45:00,"0",-0.8,1198,Light freezing rain,//cdn.weatherapi.com/weather/64x64/night/311.png,3.6,1,WNW,1016,"0.09",93,100,"0"
594,3,2025-01-11,17:15:00,12.3,12.1,1183,Light rain,//cdn.weatherapi.com/weather/64x64/night/296.png,6.1,1.6944444444444442,NE,1011,1.65,94,75,"0"
595,2,2025-01-11,16:30:00,3,2.1,1000,Clear,//cdn.weatherapi.com/weather/64x64/night/113.png,4.3,1.1944444444444444,NW,1032,"0",81,"0","0"
596,4,2025-01-11,11:30:00,-0.6,-3.2,1009,Overcast,//cdn.weatherapi.com/weather/64x64/day/122.png,7.2,2,WNW,999,"0",72,100,1.1
597,1,2025-01-11,19:15:00,"0.1",-0.7,1213,Light snow,//cdn.weatherapi.com/weather/64x64/night/326.png,3.6,1,NW,1017,"0.06",93,100,"0"
598,3,2025-01-11,19:00:00,11.5,10.8,1240,Light rain shower,//cdn.weatherapi.com/weather/64x64/night/353.png,7.9,2.1944444444444446,NNE,1008,2.15,94,87,"0"
599,2,2025-01-11,16:45:00,"0.3",-0.9,1030,Mist,//cdn.weatherapi.com/weather/64x64/night/143.png,4.3,1.1944444444444444,NW,1032,"0",86,50,"0"
600,4,2025-01-11,12:15:00,"0.1",-2.7,1009,Overcast,//cdn.weatherapi.com/weather/64x64/day/122.png,8.3,2.305555555555556,WNW,999,"0",69,100,1.1
601,1,2025-01-11,20:15:00,"0.4",-0.4,1213,Light snow,//cdn.weatherapi.com/weather/64x64/night/326.png,3.6,1,NW,1017,"0.06",93,100,"0"
602,3,2025-01-11,19:30:00,11.3,10,1030,Mist,//cdn.weatherapi.com/weather/64x64/night/143.png,11.5,3.194444444444444,NNE,1010,2.05,94,75,"0"
603,2,2025-01-11,18:30:00,"0.4",-1,1030,Mist,//cdn.weatherapi.com/weather/64x64/night/143.png,4.7,1.3055555555555556,NW,1033,"0",93,100,"0"
604,4,2025-01-11,12:45:00,"0.6",-2.7,1003,Partly cloudy,//cdn.weatherapi.com/weather/64x64/day/116.png,10.4,2.888888888888889,NW,998,"0",63,75,1.1
605,1,2025-01-11,21:15:00,-1,-1.9,1213,Light snow,//cdn.weatherapi.com/weather/64x64/night/326.png,3.6,1,N,1017,"0.01",100,100,"0"
606,3,2025-01-11,20:15:00,10.2,8.7,1003,Partly cloudy,//cdn.weatherapi.com/weather/64x64/night/116.png,11.2,3.1111111111111107,NNE,1010,1.29,87,50,"0"
607,2,2025-01-11,18:45:00,-1.9,-3.6,1030,Mist,//cdn.weatherapi.com/weather/64x64/night/143.png,4.7,1.3055555555555556,NW,1034,"0",100,100,"0"
608,4,2025-01-11,14:30:00,1.1,-3,1009,Overcast,//cdn.weatherapi.com/weather/64x64/day/122.png,14.4,4,NW,998,"0",59,100,"0.7"
609,1,2025-01-11,22:15:00,-0.8,-1.7,1255,Light snow showers,//cdn.weatherapi.com/weather/64x64/night/368.png,3.6,1,NW,1017,"0.02",100,100,"0"
610,3,2025-01-11,21:30:00,9.1,7.1,1003,Partly cloudy,//cdn.weatherapi.com/weather/64x64/night/116.png,12.6,3.5,NNE,1011,"0.97",87,50,"0"
611,2,2025-01-11,20:30:00,-1.8,-2.8,1030,Mist,//cdn.weatherapi.com/weather/64x64/night/143.png,3.6,1,N,1034,"0",100,100,"0"
612,4,2025-01-11,14:45:00,1.7,-2.2,1009,Overcast,//cdn.weatherapi.com/weather/64x64/day/122.png,14.4,4,NW,999,"0",56,100,"0.7"
613,1,2025-01-11,23:15:00,-1,-1.9,1030,Mist,//cdn.weatherapi.com/weather/64x64/night/143.png,3.6,1,NW,1018,"0.15",100,50,"0"
614,3,2025-01-11,22:00:00,9.3,7.1,1003,Partly cloudy,//cdn.weatherapi.com/weather/64x64/night/116.png,14.8,4.111111111111112,N,1011,1.37,87,50,"0"
615,2,2025-01-11,21:30:00,-1.9,-2.9,1030,Mist,//cdn.weatherapi.com/weather/64x64/night/143.png,3.6,1,NNE,1035,"0",93,75,"0"
616,4,2025-01-11,16:30:00,2.2,-1.9,1009,Overcast,//cdn.weatherapi.com/weather/64x64/day/122.png,16.2,4.5,NW,1000,"0",52,100,"0.1"
617,1,2025-01-12,"00:15:00",-0.9,-1.8,1210,Patchy light snow,//cdn.weatherapi.com/weather/64x64/night/323.png,3.6,1,NW,1017,"0.18",100,50,"0"
618,3,2025-01-11,22:45:00,9.2,7,1183,Light rain,//cdn.weatherapi.com/weather/64x64/night/296.png,14.8,4.111111111111112,N,1011,1.37,81,50,"0"
619,2,2025-01-11,22:30:00,-1.7,-2.7,1030,Mist,//cdn.weatherapi.com/weather/64x64/night/143.png,3.6,1,NNE,1036,"0",100,100,"0"
620,4,2025-01-11,17:30:00,1.7,-3.1,1009,Overcast,//cdn.weatherapi.com/weather/64x64/night/122.png,20.2,5.611111111111111,NW,1002,"0",49,100,"0"
621,1,2025-01-12,"01:15:00",-0.8,-1.7,1255,Light snow showers,//cdn.weatherapi.com/weather/64x64/night/368.png,3.6,1,NW,1017,"0.18",93,50,"0"
622,3,2025-01-12,"00:00:00",9.1,7.2,1003,Partly cloudy,//cdn.weatherapi.com/weather/64x64/night/116.png,12.2,3.3888888888888884,N,1010,"0.07",81,50,"0"
623,2,2025-01-11,23:30:00,-2,-3.1,1030,Mist,//cdn.weatherapi.com/weather/64x64/night/143.png,3.6,1,NE,1036,"0",100,50,"0"
624,4,2025-01-11,18:30:00,"0.6",-5,1003,Partly cloudy,//cdn.weatherapi.com/weather/64x64/night/116.png,23.8,6.611111111111111,NW,1004,"0",51,50,"0"
625,1,2025-01-12,"01:45:00",-0.8,-1.7,1255,Light snow showers,//cdn.weatherapi.com/weather/64x64/night/368.png,3.6,1,NW,1018,"0.21",93,50,"0"
626,3,2025-01-12,"00:45:00",9.1,7,1003,Partly cloudy,//cdn.weatherapi.com/weather/64x64/night/116.png,13.7,3.8055555555555554,N,1010,"0.26",87,75,"0"
627,2,2025-01-12,"00:30:00",-2.9,-4.1,1030,Mist,//cdn.weatherapi.com/weather/64x64/night/143.png,3.6,1,NW,1036,"0",100,"0","0"
628,4,2025-01-11,19:30:00,"0.2",-5.7,1000,Clear,//cdn.weatherapi.com/weather/64x64/night/113.png,25.2,7,NW,1005,"0",54,"0","0"
629,1,2025-01-12,"02:45:00",-0.8,-2.2,1255,Light snow showers,//cdn.weatherapi.com/weather/64x64/night/368.png,4.3,1.1944444444444444,NW,1018,"0.14",93,50,"0"
630,3,2025-01-12,"02:15:00",9.2,7.2,1003,Partly cloudy,//cdn.weatherapi.com/weather/64x64/night/116.png,13,3.611111111111111,N,1010,"0.14",81,75,"0"
631,2,2025-01-12,"01:30:00",-1.6,-2.6,1030,Mist,//cdn.weatherapi.com/weather/64x64/night/143.png,3.6,1,NW,1037,"0",93,"0","0"
632,4,2025-01-11,20:30:00,"0.4",-5.4,1000,Clear,//cdn.weatherapi.com/weather/64x64/night/113.png,25.2,7,NW,1006,"0",49,"0","0"
633,1,2025-01-12,"04:30:00",-0.7,-2,1213,Light snow,//cdn.weatherapi.com/weather/64x64/night/326.png,4.3,1.1944444444444444,WNW,1018,"0.15",93,100,"0"
634,3,2025-01-12,"04:00:00",7.9,5.3,1153,Light drizzle,//cdn.weatherapi.com/weather/64x64/night/266.png,15.8,4.388888888888889,N,1010,"0.34",82,100,"0"
635,2,2025-01-12,"02:30:00",-2.6,-3.7,1030,Mist,//cdn.weatherapi.com/weather/64x64/night/143.png,3.6,1,NNE,1037,"0",93,50,"0"
636,4,2025-01-11,21:30:00,-0.6,-6.8,1000,Clear,//cdn.weatherapi.com/weather/64x64/night/113.png,25.6,7.111111111111112,NW,1008,"0",51,"0","0"
637,1,2025-01-12,"04:45:00",-0.8,-2.2,1213,Light snow,//cdn.weatherapi.com/weather/64x64/night/326.png,4.3,1.1944444444444444,WNW,1019,"0.15",93,100,"0"
638,3,2025-01-12,"04:15:00",9.2,6.8,1003,Partly cloudy,//cdn.weatherapi.com/weather/64x64/night/116.png,15.8,4.388888888888889,N,1010,"0.34",76,75,"0"
639,2,2025-01-12,"03:30:00",-2.7,-3.8,1030,Mist,//cdn.weatherapi.com/weather/64x64/night/143.png,3.6,1,NW,1038,"0",100,"0","0"
640,4,2025-01-11,22:30:00,-0.6,-6.6,1000,Clear,//cdn.weatherapi.com/weather/64x64/night/113.png,24.5,6.805555555555555,NW,1008,"0",51,"0","0"
641,1,2025-01-12,"05:45:00",-1.8,-3.5,1213,Light snow,//cdn.weatherapi.com/weather/64x64/night/326.png,4.7,1.3055555555555556,NW,1019,"0.16",100,100,"0"
642,3,2025-01-12,"05:15:00",9.1,6.7,1003,Partly cloudy,//cdn.weatherapi.com/weather/64x64/night/116.png,15.5,4.305555555555555,N,1010,"0.16",66,75,"0"
643,2,2025-01-12,"03:45:00",-1.9,-2.9,1030,Mist,//cdn.weatherapi.com/weather/64x64/night/143.png,3.6,1,S,1038,"0",100,"0","0"
644,4,2025-01-11,23:30:00,-0.6,-6.5,1000,Clear,//cdn.weatherapi.com/weather/64x64/night/113.png,23.8,6.611111111111111,NW,1009,"0",53,"0","0"
645,1,2025-01-12,"08:00:00",-3,-4.1,1225,Heavy snow,//cdn.weatherapi.com/weather/64x64/day/338.png,3.6,1,NNW,1023,"0.49",96,99,"0"
646,3,2025-01-12,"06:30:00",9,6.5,1003,Partly cloudy,//cdn.weatherapi.com/weather/64x64/night/116.png,16.9,4.694444444444444,NNE,1010,"0.43",57,50,"0"
647,2,2025-01-12,"04:45:00",-2.6,-3.7,1147,Freezing fog,//cdn.weatherapi.com/weather/64x64/night/260.png,3.6,1,W,1038,"0",100,"0","0"
648,4,2025-01-11,23:45:00,-0.6,-6.6,1000,Clear,//cdn.weatherapi.com/weather/64x64/night/113.png,24.5,6.805555555555555,NW,1009,"0",53,"0","0"
649,1,2025-01-12,"08:15:00",-2,-3.1,1213,Light snow,//cdn.weatherapi.com/weather/64x64/day/326.png,3.6,1,NNW,1020,"0.49",93,75,"0"
650,3,2025-01-12,"07:15:00",8.3,5.6,1000,Clear,//cdn.weatherapi.com/weather/64x64/night/113.png,16.6,4.611111111111112,NNE,1011,"0",57,"0","0"
651,2,2025-01-12,"06:30:00",-2.8,-3.9,1147,Freezing fog,//cdn.weatherapi.com/weather/64x64/night/260.png,3.6,1,S,1039,"0",93,"0","0"
652,4,2025-01-12,"01:30:00",-0.6,-6.5,1000,Clear,//cdn.weatherapi.com/weather/64x64/night/113.png,23.8,6.611111111111111,NW,1010,"0",56,"0","0"
653,1,2025-01-12,"09:30:00",-1.6,-2.6,1213,Light snow,//cdn.weatherapi.com/weather/64x64/day/326.png,3.6,1,NNW,1021,"0.51",86,100,"0.2"
654,3,2025-01-12,"08:45:00",9.2,6.8,1000,Sunny,//cdn.weatherapi.com/weather/64x64/day/113.png,16.2,4.5,NNE,1012,"0",43,"0","0"
655,2,2025-01-12,"07:45:00",-2.9,-4.1,1147,Freezing fog,//cdn.weatherapi.com/weather/64x64/night/260.png,3.6,1,SW,1040,"0",100,50,"0"
656,4,2025-01-12,"03:30:00",-0.6,-6.1,1000,Clear,//cdn.weatherapi.com/weather/64x64/night/113.png,20.9,5.805555555555555,NW,1012,"0",63,"0","0"
657,1,2025-01-12,12:00:00,-1.9,-3.8,1225,Heavy snow,//cdn.weatherapi.com/weather/64x64/day/338.png,5,1.3888888888888888,NNW,1024,"0.26",89,100,"0.9"
658,3,2025-01-12,"09:45:00",10.2,8.1,1000,Sunny,//cdn.weatherapi.com/weather/64x64/day/113.png,15.8,4.388888888888889,NNE,1013,"0.04",40,"0","0.1"
659,2,2025-01-12,"09:30:00",-0.7,-1.6,1030,Mist,//cdn.weatherapi.com/weather/64x64/day/143.png,3.6,1,SSE,1040,"0",93,75,"0.1"
660,4,2025-01-12,"04:30:00","0.4",-4.8,1003,Partly cloudy,//cdn.weatherapi.com/weather/64x64/night/116.png,20.2,5.611111111111111,NW,1012,"0",61,25,"0"
661,1,2025-01-12,12:15:00,-0.6,-2.3,1009,Overcast,//cdn.weatherapi.com/weather/64x64/day/122.png,5,1.3888888888888888,NNW,1021,"0.26",74,100,"0.9"
662,3,2025-01-12,11:15:00,10.3,7.8,1000,Sunny,//cdn.weatherapi.com/weather/64x64/day/113.png,19.4,5.388888888888888,NNE,1014,"0.07",40,"0","0.4"
663,2,2025-01-12,10:00:00,"0.3",-0.9,1030,Mist,//cdn.weatherapi.com/weather/64x64/day/143.png,4.3,1.1944444444444444,SSE,1040,"0",93,75,"0.3"
664,4,2025-01-12,"05:30:00","0",-5.1,1003,Partly cloudy,//cdn.weatherapi.com/weather/64x64/night/116.png,19.1,5.305555555555556,NW,1013,"0",59,75,"0"
